"Gate実行ID","候補ID","正規エクスポージャーID","エクスポージャー群ID","取引手段ID","シンボル","取引所またはVenue","Broker","資産クラス","リスク群","代替グループID","最終Gate分類","HardGate状態","G1日本Broker利用可否","G2_API注文口座","G3_LongShort","G4契約仕様","G5_50万円資金適合","G5_75万円資金適合","G5_100万円資金適合","G6流動性スプレッド","G7データ可否費用","G8運用リスク","G9規制税務","G10_Biasデータ完全性","最小数量1N円リスク","二Nストップ損失円","ギャップストレス損失円","四Unit理論ストップ損失円","不足している重要情報","必要証拠ID一覧","Gate理由","計算版","基準日","確認日時","確認者ロール","レビューメモ"
"GTE-P06-20260802-0001","CAN-EXP-EQ-US-SP500-ES-IBSJ","EXP-EQ-US-SP500","CLU-EXP-EQ-US-SP500","VEH-ES","ES","CME","Interactive Brokers Securities Japan Inc.","株価指数","再構成リスク群","PG-株価指数","証拠不足","証拠不足","証拠不足","プラットフォーム確認済み・銘柄単位は未確認","証拠不足","証拠不足","証拠不足","証拠不足","証拠不足","証拠不足","証拠不足","証拠不足","証拠不足","証拠不足","","","","","N/ATR;現在価格;契約倍率;ティックサイズ;最小数量;当初証拠金;維持証拠金;手数料;スプレッド;データ費用;銘柄単位の日本居住者利用可否","EVD-P04-0001;EVD-P04-0002","不適格確定ではなく、重要数値と利用可否の証拠が不足しているため保留","P06-v0.1-日本語再構成","2026-08-02","2026-08-02T15:44:17.6495541+09:00","実行可能性・資金Gate分析者","日本語化時に再構成。公式証拠で再確認が必要"
"GTE-P06-20260802-0001","CAN-EXP-EQ-US-SP500-MES-IBSJ","EXP-EQ-US-SP500","CLU-EXP-EQ-US-SP500","VEH-MES","MES","CME","Interactive Brokers Securities Japan Inc.","株価指数","再構成リスク群","PG-株価指数","証拠不足","証拠不足","証拠不足","プラットフォーム確認済み・銘柄単位は未確認","証拠不足","証拠不足","証拠不足","証拠不足","証拠不足","証拠不足","証拠不足","証拠不足","証拠不足","証拠不足","","","","","N/ATR;現在価格;契約倍率;ティックサイズ;最小数量;当初証拠金;維持証拠金;手数料;スプレッド;データ費用;銘柄単位の日本居住者利用可否","EVD-P04-0001;EVD-P04-0002","不適格確定ではなく、重要数値と利用可否の証拠が不足しているため保留","P06-v0.1-日本語再構成","2026-08-02","2026-08-02T15:44:17.6495541+09:00","実行可能性・資金Gate分析者","日本語化時に再構成。公式証拠で再確認が必要"
"GTE-P06-20260802-0001","CAN-EXP-EQ-US-NASDAQ100-NQ-IBSJ","EXP-EQ-US-NASDAQ100","CLU-EXP-EQ-US-NASDAQ100","VEH-NQ","NQ","CME","Interactive Brokers Securities Japan Inc.","株価指数","再構成リスク群","PG-株価指数","証拠不足","証拠不足","証拠不足","プラットフォーム確認済み・銘柄単位は未確認","証拠不足","証拠不足","証拠不足","証拠不足","証拠不足","証拠不足","証拠不足","証拠不足","証拠不足","証拠不足","","","","","N/ATR;現在価格;契約倍率;ティックサイズ;最小数量;当初証拠金;維持証拠金;手数料;スプレッド;データ費用;銘柄単位の日本居住者利用可否","EVD-P04-0001;EVD-P04-0002","不適格確定ではなく、重要数値と利用可否の証拠が不足しているため保留","P06-v0.1-日本語再構成","2026-08-02","2026-08-02T15:44:17.6495541+09:00","実行可能性・資金Gate分析者","日本語化時に再構成。公式証拠で再確認が必要"
"GTE-P06-20260802-0001","CAN-EXP-EQ-US-NASDAQ100-MNQ-IBSJ","EXP-EQ-US-NASDAQ100","CLU-EXP-EQ-US-NASDAQ100","VEH-MNQ","MNQ","CME","Interactive Brokers Securities Japan Inc.","株価指数","再構成リスク群","PG-株価指数","証拠不足","証拠不足","証拠不足","プラットフォーム確認済み・銘柄単位は未確認","証拠不足","証拠不足","証拠不足","証拠不足","証拠不足","証拠不足","証拠不足","証拠不足","証拠不足","証拠不足","","","","","N/ATR;現在価格;契約倍率;ティックサイズ;最小数量;当初証拠金;維持証拠金;手数料;スプレッド;データ費用;銘柄単位の日本居住者利用可否","EVD-P04-0001;EVD-P04-0002","不適格確定ではなく、重要数値と利用可否の証拠が不足しているため保留","P06-v0.1-日本語再構成","2026-08-02","2026-08-02T15:44:17.6495541+09:00","実行可能性・資金Gate分析者","日本語化時に再構成。公式証拠で再確認が必要"
"GTE-P06-20260802-0001","CAN-EXP-EQ-US-DOW-YM-IBSJ","EXP-EQ-US-DOW","CLU-EXP-EQ-US-DOW","VEH-YM","YM","CME","Interactive Brokers Securities Japan Inc.","株価指数","再構成リスク群","PG-株価指数","証拠不足","証拠不足","証拠不足","プラットフォーム確認済み・銘柄単位は未確認","証拠不足","証拠不足","証拠不足","証拠不足","証拠不足","証拠不足","証拠不足","証拠不足","証拠不足","証拠不足","","","","","N/ATR;現在価格;契約倍率;ティックサイズ;最小数量;当初証拠金;維持証拠金;手数料;スプレッド;データ費用;銘柄単位の日本居住者利用可否","EVD-P04-0001;EVD-P04-0002","不適格確定ではなく、重要数値と利用可否の証拠が不足しているため保留","P06-v0.1-日本語再構成","2026-08-02","2026-08-02T15:44:17.6495541+09:00","実行可能性・資金Gate分析者","日本語化時に再構成。公式証拠で再確認が必要"
"GTE-P06-20260802-0001","CAN-EXP-EQ-US-DOW-MYM-IBSJ","EXP-EQ-US-DOW","CLU-EXP-EQ-US-DOW","VEH-MYM","MYM","CME","Interactive Brokers Securities Japan Inc.","株価指数","再構成リスク群","PG-株価指数","証拠不足","証拠不足","証拠不足","プラットフォーム確認済み・銘柄単位は未確認","証拠不足","証拠不足","証拠不足","証拠不足","証拠不足","証拠不足","証拠不足","証拠不足","証拠不足","証拠不足","","","","","N/ATR;現在価格;契約倍率;ティックサイズ;最小数量;当初証拠金;維持証拠金;手数料;スプレッド;データ費用;銘柄単位の日本居住者利用可否","EVD-P04-0001;EVD-P04-0002","不適格確定ではなく、重要数値と利用可否の証拠が不足しているため保留","P06-v0.1-日本語再構成","2026-08-02","2026-08-02T15:44:17.6495541+09:00","実行可能性・資金Gate分析者","日本語化時に再構成。公式証拠で再確認が必要"
"GTE-P06-20260802-0001","CAN-EXP-EQ-US-RUSSELL2000-RTY-IBSJ","EXP-EQ-US-RUSSELL2000","CLU-EXP-EQ-US-RUSSELL2000","VEH-RTY","RTY","CME","Interactive Brokers Securities Japan Inc.","株価指数","再構成リスク群","PG-株価指数","証拠不足","証拠不足","証拠不足","プラットフォーム確認済み・銘柄単位は未確認","証拠不足","証拠不足","証拠不足","証拠不足","証拠不足","証拠不足","証拠不足","証拠不足","証拠不足","証拠不足","","","","","N/ATR;現在価格;契約倍率;ティックサイズ;最小数量;当初証拠金;維持証拠金;手数料;スプレッド;データ費用;銘柄単位の日本居住者利用可否","EVD-P04-0001;EVD-P04-0002","不適格確定ではなく、重要数値と利用可否の証拠が不足しているため保留","P06-v0.1-日本語再構成","2026-08-02","2026-08-02T15:44:17.6495541+09:00","実行可能性・資金Gate分析者","日本語化時に再構成。公式証拠で再確認が必要"
"GTE-P06-20260802-0001","CAN-EXP-EQ-US-RUSSELL2000-M2K-IBSJ","EXP-EQ-US-RUSSELL2000","CLU-EXP-EQ-US-RUSSELL2000","VEH-M2K","M2K","CME","Interactive Brokers Securities Japan Inc.","株価指数","再構成リスク群","PG-株価指数","証拠不足","証拠不足","証拠不足","プラットフォーム確認済み・銘柄単位は未確認","証拠不足","証拠不足","証拠不足","証拠不足","証拠不足","証拠不足","証拠不足","証拠不足","証拠不足","証拠不足","","","","","N/ATR;現在価格;契約倍率;ティックサイズ;最小数量;当初証拠金;維持証拠金;手数料;スプレッド;データ費用;銘柄単位の日本居住者利用可否","EVD-P04-0001;EVD-P04-0002","不適格確定ではなく、重要数値と利用可否の証拠が不足しているため保留","P06-v0.1-日本語再構成","2026-08-02","2026-08-02T15:44:17.6495541+09:00","実行可能性・資金Gate分析者","日本語化時に再構成。公式証拠で再確認が必要"
"GTE-P06-20260802-0001","CAN-EXP-EQ-JP-NIKKEI225-NK225L-IBSJ","EXP-EQ-JP-NIKKEI225","CLU-EXP-EQ-JP-NIKKEI225","VEH-NK225L","NK225L","OSE","Interactive Brokers Securities Japan Inc.","株価指数","再構成リスク群","PG-株価指数","証拠不足","証拠不足","証拠不足","プラットフォーム確認済み・銘柄単位は未確認","証拠不足","証拠不足","証拠不足","証拠不足","証拠不足","証拠不足","証拠不足","証拠不足","証拠不足","証拠不足","","","","","N/ATR;現在価格;契約倍率;ティックサイズ;最小数量;当初証拠金;維持証拠金;手数料;スプレッド;データ費用;銘柄単位の日本居住者利用可否","EVD-P04-0001;EVD-P04-0002","不適格確定ではなく、重要数値と利用可否の証拠が不足しているため保留","P06-v0.1-日本語再構成","2026-08-02","2026-08-02T15:44:17.6495541+09:00","実行可能性・資金Gate分析者","日本語化時に再構成。公式証拠で再確認が必要"
"GTE-P06-20260802-0001","CAN-EXP-EQ-JP-NIKKEI225-NK225M-IBSJ","EXP-EQ-JP-NIKKEI225","CLU-EXP-EQ-JP-NIKKEI225","VEH-NK225M","NK225M","OSE","Interactive Brokers Securities Japan Inc.","株価指数","再構成リスク群","PG-株価指数","証拠不足","証拠不足","証拠不足","プラットフォーム確認済み・銘柄単位は未確認","証拠不足","証拠不足","証拠不足","証拠不足","証拠不足","証拠不足","証拠不足","証拠不足","証拠不足","証拠不足","","","","","N/ATR;現在価格;契約倍率;ティックサイズ;最小数量;当初証拠金;維持証拠金;手数料;スプレッド;データ費用;銘柄単位の日本居住者利用可否","EVD-P04-0001;EVD-P04-0002","不適格確定ではなく、重要数値と利用可否の証拠が不足しているため保留","P06-v0.1-日本語再構成","2026-08-02","2026-08-02T15:44:17.6495541+09:00","実行可能性・資金Gate分析者","日本語化時に再構成。公式証拠で再確認が必要"
"GTE-P06-20260802-0001","CAN-EXP-EQ-JP-NIKKEI225-NK225MC-IBSJ","EXP-EQ-JP-NIKKEI225","CLU-EXP-EQ-JP-NIKKEI225","VEH-NK225MC","NK225MC","OSE","Interactive Brokers Securities Japan Inc.","株価指数","再構成リスク群","PG-株価指数","証拠不足","証拠不足","証拠不足","プラットフォーム確認済み・銘柄単位は未確認","証拠不足","証拠不足","証拠不足","証拠不足","証拠不足","証拠不足","証拠不足","証拠不足","証拠不足","証拠不足","","","","","N/ATR;現在価格;契約倍率;ティックサイズ;最小数量;当初証拠金;維持証拠金;手数料;スプレッド;データ費用;銘柄単位の日本居住者利用可否","EVD-P04-0001;EVD-P04-0002","不適格確定ではなく、重要数値と利用可否の証拠が不足しているため保留","P06-v0.1-日本語再構成","2026-08-02","2026-08-02T15:44:17.6495541+09:00","実行可能性・資金Gate分析者","日本語化時に再構成。公式証拠で再確認が必要"
"GTE-P06-20260802-0001","CAN-EXP-EQ-JP-TOPIX-TOPIX-IBSJ","EXP-EQ-JP-TOPIX","CLU-EXP-EQ-JP-TOPIX","VEH-TOPIX","TOPIX","OSE","Interactive Brokers Securities Japan Inc.","株価指数","再構成リスク群","PG-株価指数","証拠不足","証拠不足","証拠不足","プラットフォーム確認済み・銘柄単位は未確認","証拠不足","証拠不足","証拠不足","証拠不足","証拠不足","証拠不足","証拠不足","証拠不足","証拠不足","証拠不足","","","","","N/ATR;現在価格;契約倍率;ティックサイズ;最小数量;当初証拠金;維持証拠金;手数料;スプレッド;データ費用;銘柄単位の日本居住者利用可否","EVD-P04-0001;EVD-P04-0002","不適格確定ではなく、重要数値と利用可否の証拠が不足しているため保留","P06-v0.1-日本語再構成","2026-08-02","2026-08-02T15:44:17.6495541+09:00","実行可能性・資金Gate分析者","日本語化時に再構成。公式証拠で再確認が必要"
"GTE-P06-20260802-0001","CAN-EXP-EQ-JP-TOPIX-MTOPIX-IBSJ","EXP-EQ-JP-TOPIX","CLU-EXP-EQ-JP-TOPIX","VEH-MTOPIX","MTOPIX","OSE","Interactive Brokers Securities Japan Inc.","株価指数","再構成リスク群","PG-株価指数","証拠不足","証拠不足","証拠不足","プラットフォーム確認済み・銘柄単位は未確認","証拠不足","証拠不足","証拠不足","証拠不足","証拠不足","証拠不足","証拠不足","証拠不足","証拠不足","証拠不足","","","","","N/ATR;現在価格;契約倍率;ティックサイズ;最小数量;当初証拠金;維持証拠金;手数料;スプレッド;データ費用;銘柄単位の日本居住者利用可否","EVD-P04-0001;EVD-P04-0002","不適格確定ではなく、重要数値と利用可否の証拠が不足しているため保留","P06-v0.1-日本語再構成","2026-08-02","2026-08-02T15:44:17.6495541+09:00","実行可能性・資金Gate分析者","日本語化時に再構成。公式証拠で再確認が必要"
"GTE-P06-20260802-0001","CAN-EXP-FX-G10-EURUSD-6E-IBSJ","EXP-FX-G10-EURUSD","CLU-EXP-FX-G10-EURUSD","VEH-6E","6E","CME","Interactive Brokers Securities Japan Inc.","為替","再構成リスク群","PG-為替","証拠不足","証拠不足","証拠不足","プラットフォーム確認済み・銘柄単位は未確認","証拠不足","証拠不足","証拠不足","証拠不足","証拠不足","証拠不足","証拠不足","証拠不足","証拠不足","証拠不足","","","","","N/ATR;現在価格;契約倍率;ティックサイズ;最小数量;当初証拠金;維持証拠金;手数料;スプレッド;データ費用;銘柄単位の日本居住者利用可否","EVD-P04-0001;EVD-P04-0002","不適格確定ではなく、重要数値と利用可否の証拠が不足しているため保留","P06-v0.1-日本語再構成","2026-08-02","2026-08-02T15:44:17.6495541+09:00","実行可能性・資金Gate分析者","日本語化時に再構成。公式証拠で再確認が必要"
"GTE-P06-20260802-0001","CAN-EXP-FX-G10-EURUSD-M6E-IBSJ","EXP-FX-G10-EURUSD","CLU-EXP-FX-G10-EURUSD","VEH-M6E","M6E","CME","Interactive Brokers Securities Japan Inc.","為替","再構成リスク群","PG-為替","証拠不足","証拠不足","証拠不足","プラットフォーム確認済み・銘柄単位は未確認","証拠不足","証拠不足","証拠不足","証拠不足","証拠不足","証拠不足","証拠不足","証拠不足","証拠不足","証拠不足","","","","","N/ATR;現在価格;契約倍率;ティックサイズ;最小数量;当初証拠金;維持証拠金;手数料;スプレッド;データ費用;銘柄単位の日本居住者利用可否","EVD-P04-0001;EVD-P04-0002","不適格確定ではなく、重要数値と利用可否の証拠が不足しているため保留","P06-v0.1-日本語再構成","2026-08-02","2026-08-02T15:44:17.6495541+09:00","実行可能性・資金Gate分析者","日本語化時に再構成。公式証拠で再確認が必要"
"GTE-P06-20260802-0001","CAN-EXP-FX-G10-USDJPY-6J-IBSJ","EXP-FX-G10-USDJPY","CLU-EXP-FX-G10-USDJPY","VEH-6J","6J","CME","Interactive Brokers Securities Japan Inc.","為替","再構成リスク群","PG-為替","証拠不足","証拠不足","証拠不足","プラットフォーム確認済み・銘柄単位は未確認","証拠不足","証拠不足","証拠不足","証拠不足","証拠不足","証拠不足","証拠不足","証拠不足","証拠不足","証拠不足","","","","","N/ATR;現在価格;契約倍率;ティックサイズ;最小数量;当初証拠金;維持証拠金;手数料;スプレッド;データ費用;銘柄単位の日本居住者利用可否","EVD-P04-0001;EVD-P04-0002","不適格確定ではなく、重要数値と利用可否の証拠が不足しているため保留","P06-v0.1-日本語再構成","2026-08-02","2026-08-02T15:44:17.6495541+09:00","実行可能性・資金Gate分析者","日本語化時に再構成。公式証拠で再確認が必要"
"GTE-P06-20260802-0001","CAN-EXP-FX-G10-USDJPY-MJY-IBSJ","EXP-FX-G10-USDJPY","CLU-EXP-FX-G10-USDJPY","VEH-MJY","MJY","CME","Interactive Brokers Securities Japan Inc.","為替","再構成リスク群","PG-為替","証拠不足","証拠不足","証拠不足","プラットフォーム確認済み・銘柄単位は未確認","証拠不足","証拠不足","証拠不足","証拠不足","証拠不足","証拠不足","証拠不足","証拠不足","証拠不足","証拠不足","","","","","N/ATR;現在価格;契約倍率;ティックサイズ;最小数量;当初証拠金;維持証拠金;手数料;スプレッド;データ費用;銘柄単位の日本居住者利用可否","EVD-P04-0001;EVD-P04-0002","不適格確定ではなく、重要数値と利用可否の証拠が不足しているため保留","P06-v0.1-日本語再構成","2026-08-02","2026-08-02T15:44:17.6495541+09:00","実行可能性・資金Gate分析者","日本語化時に再構成。公式証拠で再確認が必要"
"GTE-P06-20260802-0001","CAN-EXP-FX-G10-GBPUSD-6B-IBSJ","EXP-FX-G10-GBPUSD","CLU-EXP-FX-G10-GBPUSD","VEH-6B","6B","CME","Interactive Brokers Securities Japan Inc.","為替","再構成リスク群","PG-為替","証拠不足","証拠不足","証拠不足","プラットフォーム確認済み・銘柄単位は未確認","証拠不足","証拠不足","証拠不足","証拠不足","証拠不足","証拠不足","証拠不足","証拠不足","証拠不足","証拠不足","","","","","N/ATR;現在価格;契約倍率;ティックサイズ;最小数量;当初証拠金;維持証拠金;手数料;スプレッド;データ費用;銘柄単位の日本居住者利用可否","EVD-P04-0001;EVD-P04-0002","不適格確定ではなく、重要数値と利用可否の証拠が不足しているため保留","P06-v0.1-日本語再構成","2026-08-02","2026-08-02T15:44:17.6495541+09:00","実行可能性・資金Gate分析者","日本語化時に再構成。公式証拠で再確認が必要"
"GTE-P06-20260802-0001","CAN-EXP-FX-G10-GBPUSD-M6B-IBSJ","EXP-FX-G10-GBPUSD","CLU-EXP-FX-G10-GBPUSD","VEH-M6B","M6B","CME","Interactive Brokers Securities Japan Inc.","為替","再構成リスク群","PG-為替","証拠不足","証拠不足","証拠不足","プラットフォーム確認済み・銘柄単位は未確認","証拠不足","証拠不足","証拠不足","証拠不足","証拠不足","証拠不足","証拠不足","証拠不足","証拠不足","証拠不足","","","","","N/ATR;現在価格;契約倍率;ティックサイズ;最小数量;当初証拠金;維持証拠金;手数料;スプレッド;データ費用;銘柄単位の日本居住者利用可否","EVD-P04-0001;EVD-P04-0002","不適格確定ではなく、重要数値と利用可否の証拠が不足しているため保留","P06-v0.1-日本語再構成","2026-08-02","2026-08-02T15:44:17.6495541+09:00","実行可能性・資金Gate分析者","日本語化時に再構成。公式証拠で再確認が必要"
"GTE-P06-20260802-0001","CAN-EXP-FX-G10-AUDUSD-6A-IBSJ","EXP-FX-G10-AUDUSD","CLU-EXP-FX-G10-AUDUSD","VEH-6A","6A","CME","Interactive Brokers Securities Japan Inc.","為替","再構成リスク群","PG-為替","証拠不足","証拠不足","証拠不足","プラットフォーム確認済み・銘柄単位は未確認","証拠不足","証拠不足","証拠不足","証拠不足","証拠不足","証拠不足","証拠不足","証拠不足","証拠不足","証拠不足","","","","","N/ATR;現在価格;契約倍率;ティックサイズ;最小数量;当初証拠金;維持証拠金;手数料;スプレッド;データ費用;銘柄単位の日本居住者利用可否","EVD-P04-0001;EVD-P04-0002","不適格確定ではなく、重要数値と利用可否の証拠が不足しているため保留","P06-v0.1-日本語再構成","2026-08-02","2026-08-02T15:44:17.6495541+09:00","実行可能性・資金Gate分析者","日本語化時に再構成。公式証拠で再確認が必要"
"GTE-P06-20260802-0001","CAN-EXP-FX-G10-AUDUSD-M6A-IBSJ","EXP-FX-G10-AUDUSD","CLU-EXP-FX-G10-AUDUSD","VEH-M6A","M6A","CME","Interactive Brokers Securities Japan Inc.","為替","再構成リスク群","PG-為替","証拠不足","証拠不足","証拠不足","プラットフォーム確認済み・銘柄単位は未確認","証拠不足","証拠不足","証拠不足","証拠不足","証拠不足","証拠不足","証拠不足","証拠不足","証拠不足","証拠不足","","","","","N/ATR;現在価格;契約倍率;ティックサイズ;最小数量;当初証拠金;維持証拠金;手数料;スプレッド;データ費用;銘柄単位の日本居住者利用可否","EVD-P04-0001;EVD-P04-0002","不適格確定ではなく、重要数値と利用可否の証拠が不足しているため保留","P06-v0.1-日本語再構成","2026-08-02","2026-08-02T15:44:17.6495541+09:00","実行可能性・資金Gate分析者","日本語化時に再構成。公式証拠で再確認が必要"
"GTE-P06-20260802-0001","CAN-EXP-METAL-GLOBAL-GOLD-GC-IBSJ","EXP-METAL-GLOBAL-GOLD","CLU-EXP-METAL-GLOBAL-GOLD","VEH-GC","GC","COMEX","Interactive Brokers Securities Japan Inc.","金属","再構成リスク群","PG-金属","証拠不足","証拠不足","証拠不足","プラットフォーム確認済み・銘柄単位は未確認","証拠不足","証拠不足","証拠不足","証拠不足","証拠不足","証拠不足","証拠不足","証拠不足","証拠不足","証拠不足","","","","","N/ATR;現在価格;契約倍率;ティックサイズ;最小数量;当初証拠金;維持証拠金;手数料;スプレッド;データ費用;銘柄単位の日本居住者利用可否","EVD-P04-0001;EVD-P04-0002","不適格確定ではなく、重要数値と利用可否の証拠が不足しているため保留","P06-v0.1-日本語再構成","2026-08-02","2026-08-02T15:44:17.6495541+09:00","実行可能性・資金Gate分析者","日本語化時に再構成。公式証拠で再確認が必要"
"GTE-P06-20260802-0001","CAN-EXP-METAL-GLOBAL-GOLD-MGC-IBSJ","EXP-METAL-GLOBAL-GOLD","CLU-EXP-METAL-GLOBAL-GOLD","VEH-MGC","MGC","COMEX","Interactive Brokers Securities Japan Inc.","金属","再構成リスク群","PG-金属","証拠不足","証拠不足","証拠不足","プラットフォーム確認済み・銘柄単位は未確認","証拠不足","証拠不足","証拠不足","証拠不足","証拠不足","証拠不足","証拠不足","証拠不足","証拠不足","証拠不足","","","","","N/ATR;現在価格;契約倍率;ティックサイズ;最小数量;当初証拠金;維持証拠金;手数料;スプレッド;データ費用;銘柄単位の日本居住者利用可否","EVD-P04-0001;EVD-P04-0002","不適格確定ではなく、重要数値と利用可否の証拠が不足しているため保留","P06-v0.1-日本語再構成","2026-08-02","2026-08-02T15:44:17.6495541+09:00","実行可能性・資金Gate分析者","日本語化時に再構成。公式証拠で再確認が必要"
"GTE-P06-20260802-0001","CAN-EXP-METAL-GLOBAL-SILVER-SI-IBSJ","EXP-METAL-GLOBAL-SILVER","CLU-EXP-METAL-GLOBAL-SILVER","VEH-SI","SI","COMEX","Interactive Brokers Securities Japan Inc.","金属","再構成リスク群","PG-金属","証拠不足","証拠不足","証拠不足","プラットフォーム確認済み・銘柄単位は未確認","証拠不足","証拠不足","証拠不足","証拠不足","証拠不足","証拠不足","証拠不足","証拠不足","証拠不足","証拠不足","","","","","N/ATR;現在価格;契約倍率;ティックサイズ;最小数量;当初証拠金;維持証拠金;手数料;スプレッド;データ費用;銘柄単位の日本居住者利用可否","EVD-P04-0001;EVD-P04-0002","不適格確定ではなく、重要数値と利用可否の証拠が不足しているため保留","P06-v0.1-日本語再構成","2026-08-02","2026-08-02T15:44:17.6495541+09:00","実行可能性・資金Gate分析者","日本語化時に再構成。公式証拠で再確認が必要"
"GTE-P06-20260802-0001","CAN-EXP-METAL-GLOBAL-SILVER-SIL-IBSJ","EXP-METAL-GLOBAL-SILVER","CLU-EXP-METAL-GLOBAL-SILVER","VEH-SIL","SIL","COMEX","Interactive Brokers Securities Japan Inc.","金属","再構成リスク群","PG-金属","証拠不足","証拠不足","証拠不足","プラットフォーム確認済み・銘柄単位は未確認","証拠不足","証拠不足","証拠不足","証拠不足","証拠不足","証拠不足","証拠不足","証拠不足","証拠不足","証拠不足","","","","","N/ATR;現在価格;契約倍率;ティックサイズ;最小数量;当初証拠金;維持証拠金;手数料;スプレッド;データ費用;銘柄単位の日本居住者利用可否","EVD-P04-0001;EVD-P04-0002","不適格確定ではなく、重要数値と利用可否の証拠が不足しているため保留","P06-v0.1-日本語再構成","2026-08-02","2026-08-02T15:44:17.6495541+09:00","実行可能性・資金Gate分析者","日本語化時に再構成。公式証拠で再確認が必要"
"GTE-P06-20260802-0001","CAN-EXP-METAL-GLOBAL-COPPER-HG-IBSJ","EXP-METAL-GLOBAL-COPPER","CLU-EXP-METAL-GLOBAL-COPPER","VEH-HG","HG","COMEX","Interactive Brokers Securities Japan Inc.","金属","再構成リスク群","PG-金属","証拠不足","証拠不足","証拠不足","プラットフォーム確認済み・銘柄単位は未確認","証拠不足","証拠不足","証拠不足","証拠不足","証拠不足","証拠不足","証拠不足","証拠不足","証拠不足","証拠不足","","","","","N/ATR;現在価格;契約倍率;ティックサイズ;最小数量;当初証拠金;維持証拠金;手数料;スプレッド;データ費用;銘柄単位の日本居住者利用可否","EVD-P04-0001;EVD-P04-0002","不適格確定ではなく、重要数値と利用可否の証拠が不足しているため保留","P06-v0.1-日本語再構成","2026-08-02","2026-08-02T15:44:17.6495541+09:00","実行可能性・資金Gate分析者","日本語化時に再構成。公式証拠で再確認が必要"
"GTE-P06-20260802-0001","CAN-EXP-METAL-GLOBAL-COPPER-MHG-IBSJ","EXP-METAL-GLOBAL-COPPER","CLU-EXP-METAL-GLOBAL-COPPER","VEH-MHG","MHG","COMEX","Interactive Brokers Securities Japan Inc.","金属","再構成リスク群","PG-金属","証拠不足","証拠不足","証拠不足","プラットフォーム確認済み・銘柄単位は未確認","証拠不足","証拠不足","証拠不足","証拠不足","証拠不足","証拠不足","証拠不足","証拠不足","証拠不足","証拠不足","","","","","N/ATR;現在価格;契約倍率;ティックサイズ;最小数量;当初証拠金;維持証拠金;手数料;スプレッド;データ費用;銘柄単位の日本居住者利用可否","EVD-P04-0001;EVD-P04-0002","不適格確定ではなく、重要数値と利用可否の証拠が不足しているため保留","P06-v0.1-日本語再構成","2026-08-02","2026-08-02T15:44:17.6495541+09:00","実行可能性・資金Gate分析者","日本語化時に再構成。公式証拠で再確認が必要"
"GTE-P06-20260802-0001","CAN-EXP-METAL-JP-GOLD-GOLDSTD-IBSJ","EXP-METAL-JP-GOLD","CLU-EXP-METAL-JP-GOLD","VEH-GOLDSTD","GOLDSTD","OSE","Interactive Brokers Securities Japan Inc.","金属","再構成リスク群","PG-金属","証拠不足","証拠不足","証拠不足","プラットフォーム確認済み・銘柄単位は未確認","証拠不足","証拠不足","証拠不足","証拠不足","証拠不足","証拠不足","証拠不足","証拠不足","証拠不足","証拠不足","","","","","N/ATR;現在価格;契約倍率;ティックサイズ;最小数量;当初証拠金;維持証拠金;手数料;スプレッド;データ費用;銘柄単位の日本居住者利用可否","EVD-P04-0001;EVD-P04-0002","不適格確定ではなく、重要数値と利用可否の証拠が不足しているため保留","P06-v0.1-日本語再構成","2026-08-02","2026-08-02T15:44:17.6495541+09:00","実行可能性・資金Gate分析者","日本語化時に再構成。公式証拠で再確認が必要"
"GTE-P06-20260802-0001","CAN-EXP-METAL-JP-GOLD-GOLDMINI-IBSJ","EXP-METAL-JP-GOLD","CLU-EXP-METAL-JP-GOLD","VEH-GOLDMINI","GOLDMINI","OSE","Interactive Brokers Securities Japan Inc.","金属","再構成リスク群","PG-金属","証拠不足","証拠不足","証拠不足","プラットフォーム確認済み・銘柄単位は未確認","証拠不足","証拠不足","証拠不足","証拠不足","証拠不足","証拠不足","証拠不足","証拠不足","証拠不足","証拠不足","","","","","N/ATR;現在価格;契約倍率;ティックサイズ;最小数量;当初証拠金;維持証拠金;手数料;スプレッド;データ費用;銘柄単位の日本居住者利用可否","EVD-P04-0001;EVD-P04-0002","不適格確定ではなく、重要数値と利用可否の証拠が不足しているため保留","P06-v0.1-日本語再構成","2026-08-02","2026-08-02T15:44:17.6495541+09:00","実行可能性・資金Gate分析者","日本語化時に再構成。公式証拠で再確認が必要"
"GTE-P06-20260802-0001","CAN-EXP-METAL-JP-GOLD-POCKETGOLD100-IBSJ","EXP-METAL-JP-GOLD","CLU-EXP-METAL-JP-GOLD","VEH-POCKETGOLD100","POCKETGOLD100","OSE","Interactive Brokers Securities Japan Inc.","金属","再構成リスク群","PG-金属","証拠不足","証拠不足","証拠不足","プラットフォーム確認済み・銘柄単位は未確認","証拠不足","証拠不足","証拠不足","証拠不足","証拠不足","証拠不足","証拠不足","証拠不足","証拠不足","証拠不足","","","","","N/ATR;現在価格;契約倍率;ティックサイズ;最小数量;当初証拠金;維持証拠金;手数料;スプレッド;データ費用;銘柄単位の日本居住者利用可否","EVD-P04-0001;EVD-P04-0002","不適格確定ではなく、重要数値と利用可否の証拠が不足しているため保留","P06-v0.1-日本語再構成","2026-08-02","2026-08-02T15:44:17.6495541+09:00","実行可能性・資金Gate分析者","日本語化時に再構成。公式証拠で再確認が必要"
"GTE-P06-20260802-0001","CAN-EXP-METAL-JP-PLATINUM-PLATSTD-IBSJ","EXP-METAL-JP-PLATINUM","CLU-EXP-METAL-JP-PLATINUM","VEH-PLATSTD","PLATSTD","OSE","Interactive Brokers Securities Japan Inc.","金属","再構成リスク群","PG-金属","証拠不足","証拠不足","証拠不足","プラットフォーム確認済み・銘柄単位は未確認","証拠不足","証拠不足","証拠不足","証拠不足","証拠不足","証拠不足","証拠不足","証拠不足","証拠不足","証拠不足","","","","","N/ATR;現在価格;契約倍率;ティックサイズ;最小数量;当初証拠金;維持証拠金;手数料;スプレッド;データ費用;銘柄単位の日本居住者利用可否","EVD-P04-0001;EVD-P04-0002","不適格確定ではなく、重要数値と利用可否の証拠が不足しているため保留","P06-v0.1-日本語再構成","2026-08-02","2026-08-02T15:44:17.6495541+09:00","実行可能性・資金Gate分析者","日本語化時に再構成。公式証拠で再確認が必要"
"GTE-P06-20260802-0001","CAN-EXP-METAL-JP-PLATINUM-PLATMINI-IBSJ","EXP-METAL-JP-PLATINUM","CLU-EXP-METAL-JP-PLATINUM","VEH-PLATMINI","PLATMINI","OSE","Interactive Brokers Securities Japan Inc.","金属","再構成リスク群","PG-金属","証拠不足","証拠不足","証拠不足","プラットフォーム確認済み・銘柄単位は未確認","証拠不足","証拠不足","証拠不足","証拠不足","証拠不足","証拠不足","証拠不足","証拠不足","証拠不足","証拠不足","","","","","N/ATR;現在価格;契約倍率;ティックサイズ;最小数量;当初証拠金;維持証拠金;手数料;スプレッド;データ費用;銘柄単位の日本居住者利用可否","EVD-P04-0001;EVD-P04-0002","不適格確定ではなく、重要数値と利用可否の証拠が不足しているため保留","P06-v0.1-日本語再構成","2026-08-02","2026-08-02T15:44:17.6495541+09:00","実行可能性・資金Gate分析者","日本語化時に再構成。公式証拠で再確認が必要"
"GTE-P06-20260802-0001","CAN-EXP-ENERGY-US-WTI-CL-IBSJ","EXP-ENERGY-US-WTI","CLU-EXP-ENERGY-US-WTI","VEH-CL","CL","NYMEX","Interactive Brokers Securities Japan Inc.","エネルギー","再構成リスク群","PG-エネルギー","証拠不足","証拠不足","証拠不足","プラットフォーム確認済み・銘柄単位は未確認","証拠不足","証拠不足","証拠不足","証拠不足","証拠不足","証拠不足","証拠不足","証拠不足","証拠不足","証拠不足","","","","","N/ATR;現在価格;契約倍率;ティックサイズ;最小数量;当初証拠金;維持証拠金;手数料;スプレッド;データ費用;銘柄単位の日本居住者利用可否","EVD-P04-0001;EVD-P04-0002","不適格確定ではなく、重要数値と利用可否の証拠が不足しているため保留","P06-v0.1-日本語再構成","2026-08-02","2026-08-02T15:44:17.6495541+09:00","実行可能性・資金Gate分析者","日本語化時に再構成。公式証拠で再確認が必要"
"GTE-P06-20260802-0001","CAN-EXP-ENERGY-US-WTI-MCL-IBSJ","EXP-ENERGY-US-WTI","CLU-EXP-ENERGY-US-WTI","VEH-MCL","MCL","NYMEX","Interactive Brokers Securities Japan Inc.","エネルギー","再構成リスク群","PG-エネルギー","証拠不足","証拠不足","証拠不足","プラットフォーム確認済み・銘柄単位は未確認","証拠不足","証拠不足","証拠不足","証拠不足","証拠不足","証拠不足","証拠不足","証拠不足","証拠不足","証拠不足","","","","","N/ATR;現在価格;契約倍率;ティックサイズ;最小数量;当初証拠金;維持証拠金;手数料;スプレッド;データ費用;銘柄単位の日本居住者利用可否","EVD-P04-0001;EVD-P04-0002","不適格確定ではなく、重要数値と利用可否の証拠が不足しているため保留","P06-v0.1-日本語再構成","2026-08-02","2026-08-02T15:44:17.6495541+09:00","実行可能性・資金Gate分析者","日本語化時に再構成。公式証拠で再確認が必要"
"GTE-P06-20260802-0001","CAN-EXP-AGRI-US-CORN-ZC-IBSJ","EXP-AGRI-US-CORN","CLU-EXP-AGRI-US-CORN","VEH-ZC","ZC","CBOT","Interactive Brokers Securities Japan Inc.","穀物・油糧種子","再構成リスク群","PG-穀物・油糧種子","証拠不足","証拠不足","証拠不足","プラットフォーム確認済み・銘柄単位は未確認","証拠不足","証拠不足","証拠不足","証拠不足","証拠不足","証拠不足","証拠不足","証拠不足","証拠不足","証拠不足","","","","","N/ATR;現在価格;契約倍率;ティックサイズ;最小数量;当初証拠金;維持証拠金;手数料;スプレッド;データ費用;銘柄単位の日本居住者利用可否","EVD-P04-0001;EVD-P04-0002","不適格確定ではなく、重要数値と利用可否の証拠が不足しているため保留","P06-v0.1-日本語再構成","2026-08-02","2026-08-02T15:44:17.6495541+09:00","実行可能性・資金Gate分析者","日本語化時に再構成。公式証拠で再確認が必要"
"GTE-P06-20260802-0001","CAN-EXP-AGRI-US-CORN-XC-IBSJ","EXP-AGRI-US-CORN","CLU-EXP-AGRI-US-CORN","VEH-XC","XC","CBOT","Interactive Brokers Securities Japan Inc.","穀物・油糧種子","再構成リスク群","PG-穀物・油糧種子","証拠不足","証拠不足","証拠不足","プラットフォーム確認済み・銘柄単位は未確認","証拠不足","証拠不足","証拠不足","証拠不足","証拠不足","証拠不足","証拠不足","証拠不足","証拠不足","証拠不足","","","","","N/ATR;現在価格;契約倍率;ティックサイズ;最小数量;当初証拠金;維持証拠金;手数料;スプレッド;データ費用;銘柄単位の日本居住者利用可否","EVD-P04-0001;EVD-P04-0002","不適格確定ではなく、重要数値と利用可否の証拠が不足しているため保留","P06-v0.1-日本語再構成","2026-08-02","2026-08-02T15:44:17.6495541+09:00","実行可能性・資金Gate分析者","日本語化時に再構成。公式証拠で再確認が必要"
"GTE-P06-20260802-0001","CAN-EXP-AGRI-US-WHEAT-ZW-IBSJ","EXP-AGRI-US-WHEAT","CLU-EXP-AGRI-US-WHEAT","VEH-ZW","ZW","CBOT","Interactive Brokers Securities Japan Inc.","穀物・油糧種子","再構成リスク群","PG-穀物・油糧種子","証拠不足","証拠不足","証拠不足","プラットフォーム確認済み・銘柄単位は未確認","証拠不足","証拠不足","証拠不足","証拠不足","証拠不足","証拠不足","証拠不足","証拠不足","証拠不足","証拠不足","","","","","N/ATR;現在価格;契約倍率;ティックサイズ;最小数量;当初証拠金;維持証拠金;手数料;スプレッド;データ費用;銘柄単位の日本居住者利用可否","EVD-P04-0001;EVD-P04-0002","不適格確定ではなく、重要数値と利用可否の証拠が不足しているため保留","P06-v0.1-日本語再構成","2026-08-02","2026-08-02T15:44:17.6495541+09:00","実行可能性・資金Gate分析者","日本語化時に再構成。公式証拠で再確認が必要"
"GTE-P06-20260802-0001","CAN-EXP-AGRI-US-WHEAT-XW-IBSJ","EXP-AGRI-US-WHEAT","CLU-EXP-AGRI-US-WHEAT","VEH-XW","XW","CBOT","Interactive Brokers Securities Japan Inc.","穀物・油糧種子","再構成リスク群","PG-穀物・油糧種子","証拠不足","証拠不足","証拠不足","プラットフォーム確認済み・銘柄単位は未確認","証拠不足","証拠不足","証拠不足","証拠不足","証拠不足","証拠不足","証拠不足","証拠不足","証拠不足","証拠不足","","","","","N/ATR;現在価格;契約倍率;ティックサイズ;最小数量;当初証拠金;維持証拠金;手数料;スプレッド;データ費用;銘柄単位の日本居住者利用可否","EVD-P04-0001;EVD-P04-0002","不適格確定ではなく、重要数値と利用可否の証拠が不足しているため保留","P06-v0.1-日本語再構成","2026-08-02","2026-08-02T15:44:17.6495541+09:00","実行可能性・資金Gate分析者","日本語化時に再構成。公式証拠で再確認が必要"
"GTE-P06-20260802-0001","CAN-EXP-AGRI-US-SOYBEANS-ZS-IBSJ","EXP-AGRI-US-SOYBEANS","CLU-EXP-AGRI-US-SOYBEANS","VEH-ZS","ZS","CBOT","Interactive Brokers Securities Japan Inc.","穀物・油糧種子","再構成リスク群","PG-穀物・油糧種子","証拠不足","証拠不足","証拠不足","プラットフォーム確認済み・銘柄単位は未確認","証拠不足","証拠不足","証拠不足","証拠不足","証拠不足","証拠不足","証拠不足","証拠不足","証拠不足","証拠不足","","","","","N/ATR;現在価格;契約倍率;ティックサイズ;最小数量;当初証拠金;維持証拠金;手数料;スプレッド;データ費用;銘柄単位の日本居住者利用可否","EVD-P04-0001;EVD-P04-0002","不適格確定ではなく、重要数値と利用可否の証拠が不足しているため保留","P06-v0.1-日本語再構成","2026-08-02","2026-08-02T15:44:17.6495541+09:00","実行可能性・資金Gate分析者","日本語化時に再構成。公式証拠で再確認が必要"
"GTE-P06-20260802-0001","CAN-EXP-AGRI-US-SOYBEANS-XK-IBSJ","EXP-AGRI-US-SOYBEANS","CLU-EXP-AGRI-US-SOYBEANS","VEH-XK","XK","CBOT","Interactive Brokers Securities Japan Inc.","穀物・油糧種子","再構成リスク群","PG-穀物・油糧種子","証拠不足","証拠不足","証拠不足","プラットフォーム確認済み・銘柄単位は未確認","証拠不足","証拠不足","証拠不足","証拠不足","証拠不足","証拠不足","証拠不足","証拠不足","証拠不足","証拠不足","","","","","N/ATR;現在価格;契約倍率;ティックサイズ;最小数量;当初証拠金;維持証拠金;手数料;スプレッド;データ費用;銘柄単位の日本居住者利用可否","EVD-P04-0001;EVD-P04-0002","不適格確定ではなく、重要数値と利用可否の証拠が不足しているため保留","P06-v0.1-日本語再構成","2026-08-02","2026-08-02T15:44:17.6495541+09:00","実行可能性・資金Gate分析者","日本語化時に再構成。公式証拠で再確認が必要"
"GTE-P06-20260802-0001","CAN-EXP-CRYPTO-GLOBAL-BTC-BTC-IBSJ","EXP-CRYPTO-GLOBAL-BTC","CLU-EXP-CRYPTO-GLOBAL-BTC","VEH-BTC","BTC","CME","Interactive Brokers Securities Japan Inc.","暗号資産","再構成リスク群","PG-暗号資産","証拠不足","証拠不足","証拠不足","プラットフォーム確認済み・銘柄単位は未確認","証拠不足","証拠不足","証拠不足","証拠不足","証拠不足","証拠不足","証拠不足","証拠不足","証拠不足","証拠不足","","","","","N/ATR;現在価格;契約倍率;ティックサイズ;最小数量;当初証拠金;維持証拠金;手数料;スプレッド;データ費用;銘柄単位の日本居住者利用可否","EVD-P04-0001;EVD-P04-0002","不適格確定ではなく、重要数値と利用可否の証拠が不足しているため保留","P06-v0.1-日本語再構成","2026-08-02","2026-08-02T15:44:17.6495541+09:00","実行可能性・資金Gate分析者","日本語化時に再構成。公式証拠で再確認が必要"
"GTE-P06-20260802-0001","CAN-EXP-CRYPTO-GLOBAL-BTC-MBT-IBSJ","EXP-CRYPTO-GLOBAL-BTC","CLU-EXP-CRYPTO-GLOBAL-BTC","VEH-MBT","MBT","CME","Interactive Brokers Securities Japan Inc.","暗号資産","再構成リスク群","PG-暗号資産","証拠不足","証拠不足","証拠不足","プラットフォーム確認済み・銘柄単位は未確認","証拠不足","証拠不足","証拠不足","証拠不足","証拠不足","証拠不足","証拠不足","証拠不足","証拠不足","証拠不足","","","","","N/ATR;現在価格;契約倍率;ティックサイズ;最小数量;当初証拠金;維持証拠金;手数料;スプレッド;データ費用;銘柄単位の日本居住者利用可否","EVD-P04-0001;EVD-P04-0002","不適格確定ではなく、重要数値と利用可否の証拠が不足しているため保留","P06-v0.1-日本語再構成","2026-08-02","2026-08-02T15:44:17.6495541+09:00","実行可能性・資金Gate分析者","日本語化時に再構成。公式証拠で再確認が必要"
"GTE-P06-20260802-0001","CAN-EXP-CRYPTO-GLOBAL-ETH-ETH-IBSJ","EXP-CRYPTO-GLOBAL-ETH","CLU-EXP-CRYPTO-GLOBAL-ETH","VEH-ETH","ETH","CME","Interactive Brokers Securities Japan Inc.","暗号資産","再構成リスク群","PG-暗号資産","証拠不足","証拠不足","証拠不足","プラットフォーム確認済み・銘柄単位は未確認","証拠不足","証拠不足","証拠不足","証拠不足","証拠不足","証拠不足","証拠不足","証拠不足","証拠不足","証拠不足","","","","","N/ATR;現在価格;契約倍率;ティックサイズ;最小数量;当初証拠金;維持証拠金;手数料;スプレッド;データ費用;銘柄単位の日本居住者利用可否","EVD-P04-0001;EVD-P04-0002","不適格確定ではなく、重要数値と利用可否の証拠が不足しているため保留","P06-v0.1-日本語再構成","2026-08-02","2026-08-02T15:44:17.6495541+09:00","実行可能性・資金Gate分析者","日本語化時に再構成。公式証拠で再確認が必要"
"GTE-P06-20260802-0001","CAN-EXP-CRYPTO-GLOBAL-ETH-MET-IBSJ","EXP-CRYPTO-GLOBAL-ETH","CLU-EXP-CRYPTO-GLOBAL-ETH","VEH-MET","MET","CME","Interactive Brokers Securities Japan Inc.","暗号資産","再構成リスク群","PG-暗号資産","証拠不足","証拠不足","証拠不足","プラットフォーム確認済み・銘柄単位は未確認","証拠不足","証拠不足","証拠不足","証拠不足","証拠不足","証拠不足","証拠不足","証拠不足","証拠不足","証拠不足","","","","","N/ATR;現在価格;契約倍率;ティックサイズ;最小数量;当初証拠金;維持証拠金;手数料;スプレッド;データ費用;銘柄単位の日本居住者利用可否","EVD-P04-0001;EVD-P04-0002","不適格確定ではなく、重要数値と利用可否の証拠が不足しているため保留","P06-v0.1-日本語再構成","2026-08-02","2026-08-02T15:44:17.6495541+09:00","実行可能性・資金Gate分析者","日本語化時に再構成。公式証拠で再確認が必要"
"GTE-P06-20260802-0001","CAN-EXP-RATES-JP-JGB10Y-JGB10Y-IBSJ","EXP-RATES-JP-JGB10Y","CLU-EXP-RATES-JP-JGB10Y","VEH-JGB10Y","JGB10Y","OSE","Interactive Brokers Securities Japan Inc.","金利・債券","再構成リスク群","PG-金利・債券","証拠不足","証拠不足","証拠不足","プラットフォーム確認済み・銘柄単位は未確認","証拠不足","証拠不足","証拠不足","証拠不足","証拠不足","証拠不足","証拠不足","証拠不足","証拠不足","証拠不足","","","","","N/ATR;現在価格;契約倍率;ティックサイズ;最小数量;当初証拠金;維持証拠金;手数料;スプレッド;データ費用;銘柄単位の日本居住者利用可否","EVD-P04-0001;EVD-P04-0002","不適格確定ではなく、重要数値と利用可否の証拠が不足しているため保留","P06-v0.1-日本語再構成","2026-08-02","2026-08-02T15:44:17.6495541+09:00","実行可能性・資金Gate分析者","日本語化時に再構成。公式証拠で再確認が必要"
"GTE-P06-20260802-0001","CAN-EXP-RATES-JP-JGB10Y-MINIJGB10Y-IBSJ","EXP-RATES-JP-JGB10Y","CLU-EXP-RATES-JP-JGB10Y","VEH-MINIJGB10Y","MINIJGB10Y","OSE","Interactive Brokers Securities Japan Inc.","金利・債券","再構成リスク群","PG-金利・債券","証拠不足","証拠不足","証拠不足","プラットフォーム確認済み・銘柄単位は未確認","証拠不足","証拠不足","証拠不足","証拠不足","証拠不足","証拠不足","証拠不足","証拠不足","証拠不足","証拠不足","","","","","N/ATR;現在価格;契約倍率;ティックサイズ;最小数量;当初証拠金;維持証拠金;手数料;スプレッド;データ費用;銘柄単位の日本居住者利用可否","EVD-P04-0001;EVD-P04-0002","不適格確定ではなく、重要数値と利用可否の証拠が不足しているため保留","P06-v0.1-日本語再構成","2026-08-02","2026-08-02T15:44:17.6495541+09:00","実行可能性・資金Gate分析者","日本語化時に再構成。公式証拠で再確認が必要"
"GTE-P06-20260802-0001","CAN-EXP-EQ-DE-DAX-FDAX-IBSJ","EXP-EQ-DE-DAX","CLU-EXP-EQ-DE-DAX","VEH-FDAX","FDAX","EUREX","Interactive Brokers Securities Japan Inc.","株価指数","再構成リスク群","PG-株価指数","証拠不足","証拠不足","証拠不足","プラットフォーム確認済み・銘柄単位は未確認","証拠不足","証拠不足","証拠不足","証拠不足","証拠不足","証拠不足","証拠不足","証拠不足","証拠不足","証拠不足","","","","","N/ATR;現在価格;契約倍率;ティックサイズ;最小数量;当初証拠金;維持証拠金;手数料;スプレッド;データ費用;銘柄単位の日本居住者利用可否","EVD-P04-0001;EVD-P04-0002","不適格確定ではなく、重要数値と利用可否の証拠が不足しているため保留","P06-v0.1-日本語再構成","2026-08-02","2026-08-02T15:44:17.6495541+09:00","実行可能性・資金Gate分析者","日本語化時に再構成。公式証拠で再確認が必要"
"GTE-P06-20260802-0001","CAN-EXP-EQ-DE-DAX-FDXM-IBSJ","EXP-EQ-DE-DAX","CLU-EXP-EQ-DE-DAX","VEH-FDXM","FDXM","EUREX","Interactive Brokers Securities Japan Inc.","株価指数","再構成リスク群","PG-株価指数","証拠不足","証拠不足","証拠不足","プラットフォーム確認済み・銘柄単位は未確認","証拠不足","証拠不足","証拠不足","証拠不足","証拠不足","証拠不足","証拠不足","証拠不足","証拠不足","証拠不足","","","","","N/ATR;現在価格;契約倍率;ティックサイズ;最小数量;当初証拠金;維持証拠金;手数料;スプレッド;データ費用;銘柄単位の日本居住者利用可否","EVD-P04-0001;EVD-P04-0002","不適格確定ではなく、重要数値と利用可否の証拠が不足しているため保留","P06-v0.1-日本語再構成","2026-08-02","2026-08-02T15:44:17.6495541+09:00","実行可能性・資金Gate分析者","日本語化時に再構成。公式証拠で再確認が必要"
"GTE-P06-20260802-0001","CAN-EXP-REBUILT-024-JP049-IBSJ","EXP-REBUILT-024","CLU-EXP-REBUILT-024","VEH-JP049","JP049","CME","Interactive Brokers Securities Japan Inc.","株価指数","再構成リスク群","PG-株価指数","証拠不足","証拠不足","証拠不足","プラットフォーム確認済み・銘柄単位は未確認","証拠不足","証拠不足","証拠不足","証拠不足","証拠不足","証拠不足","証拠不足","証拠不足","証拠不足","証拠不足","","","","","N/ATR;現在価格;契約倍率;ティックサイズ;最小数量;当初証拠金;維持証拠金;手数料;スプレッド;データ費用;銘柄単位の日本居住者利用可否","EVD-P04-0001;EVD-P04-0002","不適格確定ではなく、重要数値と利用可否の証拠が不足しているため保留","P06-v0.1-日本語再構成","2026-08-02","2026-08-02T15:44:17.6495541+09:00","実行可能性・資金Gate分析者","日本語化時に再構成。公式証拠で再確認が必要"
"GTE-P06-20260802-0001","CAN-EXP-REBUILT-025-JP050-IBSJ","EXP-REBUILT-025","CLU-EXP-REBUILT-025","VEH-JP050","JP050","CBOT","Interactive Brokers Securities Japan Inc.","金利・債券","再構成リスク群","PG-金利・債券","証拠不足","証拠不足","証拠不足","プラットフォーム確認済み・銘柄単位は未確認","証拠不足","証拠不足","証拠不足","証拠不足","証拠不足","証拠不足","証拠不足","証拠不足","証拠不足","証拠不足","","","","","N/ATR;現在価格;契約倍率;ティックサイズ;最小数量;当初証拠金;維持証拠金;手数料;スプレッド;データ費用;銘柄単位の日本居住者利用可否","EVD-P04-0001;EVD-P04-0002","不適格確定ではなく、重要数値と利用可否の証拠が不足しているため保留","P06-v0.1-日本語再構成","2026-08-02","2026-08-02T15:44:17.6495541+09:00","実行可能性・資金Gate分析者","日本語化時に再構成。公式証拠で再確認が必要"
"GTE-P06-20260802-0001","CAN-EXP-REBUILT-026-JP051-IBSJ","EXP-REBUILT-026","CLU-EXP-REBUILT-026","VEH-JP051","JP051","NYMEX","Interactive Brokers Securities Japan Inc.","為替","再構成リスク群","PG-為替","証拠不足","証拠不足","証拠不足","プラットフォーム確認済み・銘柄単位は未確認","証拠不足","証拠不足","証拠不足","証拠不足","証拠不足","証拠不足","証拠不足","証拠不足","証拠不足","証拠不足","","","","","N/ATR;現在価格;契約倍率;ティックサイズ;最小数量;当初証拠金;維持証拠金;手数料;スプレッド;データ費用;銘柄単位の日本居住者利用可否","EVD-P04-0001;EVD-P04-0002","不適格確定ではなく、重要数値と利用可否の証拠が不足しているため保留","P06-v0.1-日本語再構成","2026-08-02","2026-08-02T15:44:17.6495541+09:00","実行可能性・資金Gate分析者","日本語化時に再構成。公式証拠で再確認が必要"
"GTE-P06-20260802-0001","CAN-EXP-REBUILT-027-JP052-IBSJ","EXP-REBUILT-027","CLU-EXP-REBUILT-027","VEH-JP052","JP052","COMEX","Interactive Brokers Securities Japan Inc.","エネルギー","再構成リスク群","PG-エネルギー","証拠不足","証拠不足","証拠不足","プラットフォーム確認済み・銘柄単位は未確認","証拠不足","証拠不足","証拠不足","証拠不足","証拠不足","証拠不足","証拠不足","証拠不足","証拠不足","証拠不足","","","","","N/ATR;現在価格;契約倍率;ティックサイズ;最小数量;当初証拠金;維持証拠金;手数料;スプレッド;データ費用;銘柄単位の日本居住者利用可否","EVD-P04-0001;EVD-P04-0002","不適格確定ではなく、重要数値と利用可否の証拠が不足しているため保留","P06-v0.1-日本語再構成","2026-08-02","2026-08-02T15:44:17.6495541+09:00","実行可能性・資金Gate分析者","日本語化時に再構成。公式証拠で再確認が必要"
"GTE-P06-20260802-0001","CAN-EXP-REBUILT-028-JP053-IBSJ","EXP-REBUILT-028","CLU-EXP-REBUILT-028","VEH-JP053","JP053","ICEUS","Interactive Brokers Securities Japan Inc.","環境・電力","再構成リスク群","PG-環境・電力","証拠不足","証拠不足","証拠不足","プラットフォーム確認済み・銘柄単位は未確認","証拠不足","証拠不足","証拠不足","証拠不足","証拠不足","証拠不足","証拠不足","証拠不足","証拠不足","証拠不足","","","","","N/ATR;現在価格;契約倍率;ティックサイズ;最小数量;当初証拠金;維持証拠金;手数料;スプレッド;データ費用;銘柄単位の日本居住者利用可否","EVD-P04-0001;EVD-P04-0002","不適格確定ではなく、重要数値と利用可否の証拠が不足しているため保留","P06-v0.1-日本語再構成","2026-08-02","2026-08-02T15:44:17.6495541+09:00","実行可能性・資金Gate分析者","日本語化時に再構成。公式証拠で再確認が必要"
"GTE-P06-20260802-0001","CAN-EXP-REBUILT-029-JP054-IBSJ","EXP-REBUILT-029","CLU-EXP-REBUILT-029","VEH-JP054","JP054","ICEEU","Interactive Brokers Securities Japan Inc.","金属","再構成リスク群","PG-金属","証拠不足","証拠不足","証拠不足","プラットフォーム確認済み・銘柄単位は未確認","証拠不足","証拠不足","証拠不足","証拠不足","証拠不足","証拠不足","証拠不足","証拠不足","証拠不足","証拠不足","","","","","N/ATR;現在価格;契約倍率;ティックサイズ;最小数量;当初証拠金;維持証拠金;手数料;スプレッド;データ費用;銘柄単位の日本居住者利用可否","EVD-P04-0001;EVD-P04-0002","不適格確定ではなく、重要数値と利用可否の証拠が不足しているため保留","P06-v0.1-日本語再構成","2026-08-02","2026-08-02T15:44:17.6495541+09:00","実行可能性・資金Gate分析者","日本語化時に再構成。公式証拠で再確認が必要"
"GTE-P06-20260802-0001","CAN-EXP-REBUILT-030-JP055-IBSJ","EXP-REBUILT-030","CLU-EXP-REBUILT-030","VEH-JP055","JP055","OSE","Interactive Brokers Securities Japan Inc.","穀物・油糧種子","再構成リスク群","PG-穀物・油糧種子","証拠不足","証拠不足","証拠不足","プラットフォーム確認済み・銘柄単位は未確認","証拠不足","証拠不足","証拠不足","証拠不足","証拠不足","証拠不足","証拠不足","証拠不足","証拠不足","証拠不足","","","","","N/ATR;現在価格;契約倍率;ティックサイズ;最小数量;当初証拠金;維持証拠金;手数料;スプレッド;データ費用;銘柄単位の日本居住者利用可否","EVD-P04-0001;EVD-P04-0002","不適格確定ではなく、重要数値と利用可否の証拠が不足しているため保留","P06-v0.1-日本語再構成","2026-08-02","2026-08-02T15:44:17.6495541+09:00","実行可能性・資金Gate分析者","日本語化時に再構成。公式証拠で再確認が必要"
"GTE-P06-20260802-0001","CAN-EXP-REBUILT-031-JP056-IBSJ","EXP-REBUILT-031","CLU-EXP-REBUILT-031","VEH-JP056","JP056","TOCOM","Interactive Brokers Securities Japan Inc.","畜産","再構成リスク群","PG-畜産","証拠不足","証拠不足","証拠不足","プラットフォーム確認済み・銘柄単位は未確認","証拠不足","証拠不足","証拠不足","証拠不足","証拠不足","証拠不足","証拠不足","証拠不足","証拠不足","証拠不足","","","","","N/ATR;現在価格;契約倍率;ティックサイズ;最小数量;当初証拠金;維持証拠金;手数料;スプレッド;データ費用;銘柄単位の日本居住者利用可否","EVD-P04-0001;EVD-P04-0002","不適格確定ではなく、重要数値と利用可否の証拠が不足しているため保留","P06-v0.1-日本語再構成","2026-08-02","2026-08-02T15:44:17.6495541+09:00","実行可能性・資金Gate分析者","日本語化時に再構成。公式証拠で再確認が必要"
"GTE-P06-20260802-0001","CAN-EXP-REBUILT-032-JP057-IBSJ","EXP-REBUILT-032","CLU-EXP-REBUILT-032","VEH-JP057","JP057","EUREX","Interactive Brokers Securities Japan Inc.","暗号資産","再構成リスク群","PG-暗号資産","証拠不足","証拠不足","証拠不足","プラットフォーム確認済み・銘柄単位は未確認","証拠不足","証拠不足","証拠不足","証拠不足","証拠不足","証拠不足","証拠不足","証拠不足","証拠不足","証拠不足","","","","","N/ATR;現在価格;契約倍率;ティックサイズ;最小数量;当初証拠金;維持証拠金;手数料;スプレッド;データ費用;銘柄単位の日本居住者利用可否","EVD-P04-0001;EVD-P04-0002","不適格確定ではなく、重要数値と利用可否の証拠が不足しているため保留","P06-v0.1-日本語再構成","2026-08-02","2026-08-02T15:44:17.6495541+09:00","実行可能性・資金Gate分析者","日本語化時に再構成。公式証拠で再確認が必要"
"GTE-P06-20260802-0001","CAN-EXP-REBUILT-033-JP058-IBSJ","EXP-REBUILT-033","CLU-EXP-REBUILT-033","VEH-JP058","JP058","SGX","Interactive Brokers Securities Japan Inc.","ソフトコモディティ","再構成リスク群","PG-ソフトコモディティ","証拠不足","証拠不足","証拠不足","プラットフォーム確認済み・銘柄単位は未確認","証拠不足","証拠不足","証拠不足","証拠不足","証拠不足","証拠不足","証拠不足","証拠不足","証拠不足","証拠不足","","","","","N/ATR;現在価格;契約倍率;ティックサイズ;最小数量;当初証拠金;維持証拠金;手数料;スプレッド;データ費用;銘柄単位の日本居住者利用可否","EVD-P04-0001;EVD-P04-0002","不適格確定ではなく、重要数値と利用可否の証拠が不足しているため保留","P06-v0.1-日本語再構成","2026-08-02","2026-08-02T15:44:17.6495541+09:00","実行可能性・資金Gate分析者","日本語化時に再構成。公式証拠で再確認が必要"
"GTE-P06-20260802-0001","CAN-EXP-REBUILT-034-JP059-IBSJ","EXP-REBUILT-034","CLU-EXP-REBUILT-034","VEH-JP059","JP059","CFE","Interactive Brokers Securities Japan Inc.","ボラティリティ","再構成リスク群","PG-ボラティリティ","証拠不足","証拠不足","証拠不足","プラットフォーム確認済み・銘柄単位は未確認","証拠不足","証拠不足","証拠不足","証拠不足","証拠不足","証拠不足","証拠不足","証拠不足","証拠不足","証拠不足","","","","","N/ATR;現在価格;契約倍率;ティックサイズ;最小数量;当初証拠金;維持証拠金;手数料;スプレッド;データ費用;銘柄単位の日本居住者利用可否","EVD-P04-0001;EVD-P04-0002","不適格確定ではなく、重要数値と利用可否の証拠が不足しているため保留","P06-v0.1-日本語再構成","2026-08-02","2026-08-02T15:44:17.6495541+09:00","実行可能性・資金Gate分析者","日本語化時に再構成。公式証拠で再確認が必要"
"GTE-P06-20260802-0001","CAN-EXP-REBUILT-035-JP060-IBSJ","EXP-REBUILT-035","CLU-EXP-REBUILT-035","VEH-JP060","JP060","NASDAQ","Interactive Brokers Securities Japan Inc.","不動産","再構成リスク群","PG-不動産","証拠不足","証拠不足","証拠不足","プラットフォーム確認済み・銘柄単位は未確認","証拠不足","証拠不足","証拠不足","証拠不足","証拠不足","証拠不足","証拠不足","証拠不足","証拠不足","証拠不足","","","","","N/ATR;現在価格;契約倍率;ティックサイズ;最小数量;当初証拠金;維持証拠金;手数料;スプレッド;データ費用;銘柄単位の日本居住者利用可否","EVD-P04-0001;EVD-P04-0002","不適格確定ではなく、重要数値と利用可否の証拠が不足しているため保留","P06-v0.1-日本語再構成","2026-08-02","2026-08-02T15:44:17.6495541+09:00","実行可能性・資金Gate分析者","日本語化時に再構成。公式証拠で再確認が必要"
"GTE-P06-20260802-0001","CAN-EXP-REBUILT-036-JP061-IBSJ","EXP-REBUILT-036","CLU-EXP-REBUILT-036","VEH-JP061","JP061","CME","Interactive Brokers Securities Japan Inc.","株価指数","再構成リスク群","PG-株価指数","証拠不足","証拠不足","証拠不足","プラットフォーム確認済み・銘柄単位は未確認","証拠不足","証拠不足","証拠不足","証拠不足","証拠不足","証拠不足","証拠不足","証拠不足","証拠不足","証拠不足","","","","","N/ATR;現在価格;契約倍率;ティックサイズ;最小数量;当初証拠金;維持証拠金;手数料;スプレッド;データ費用;銘柄単位の日本居住者利用可否","EVD-P04-0001;EVD-P04-0002","不適格確定ではなく、重要数値と利用可否の証拠が不足しているため保留","P06-v0.1-日本語再構成","2026-08-02","2026-08-02T15:44:17.6495541+09:00","実行可能性・資金Gate分析者","日本語化時に再構成。公式証拠で再確認が必要"
"GTE-P06-20260802-0001","CAN-EXP-REBUILT-037-JP062-IBSJ","EXP-REBUILT-037","CLU-EXP-REBUILT-037","VEH-JP062","JP062","CBOT","Interactive Brokers Securities Japan Inc.","金利・債券","再構成リスク群","PG-金利・債券","証拠不足","証拠不足","証拠不足","プラットフォーム確認済み・銘柄単位は未確認","証拠不足","証拠不足","証拠不足","証拠不足","証拠不足","証拠不足","証拠不足","証拠不足","証拠不足","証拠不足","","","","","N/ATR;現在価格;契約倍率;ティックサイズ;最小数量;当初証拠金;維持証拠金;手数料;スプレッド;データ費用;銘柄単位の日本居住者利用可否","EVD-P04-0001;EVD-P04-0002","不適格確定ではなく、重要数値と利用可否の証拠が不足しているため保留","P06-v0.1-日本語再構成","2026-08-02","2026-08-02T15:44:17.6495541+09:00","実行可能性・資金Gate分析者","日本語化時に再構成。公式証拠で再確認が必要"
"GTE-P06-20260802-0001","CAN-EXP-REBUILT-038-JP063-IBSJ","EXP-REBUILT-038","CLU-EXP-REBUILT-038","VEH-JP063","JP063","NYMEX","Interactive Brokers Securities Japan Inc.","為替","再構成リスク群","PG-為替","証拠不足","証拠不足","証拠不足","プラットフォーム確認済み・銘柄単位は未確認","証拠不足","証拠不足","証拠不足","証拠不足","証拠不足","証拠不足","証拠不足","証拠不足","証拠不足","証拠不足","","","","","N/ATR;現在価格;契約倍率;ティックサイズ;最小数量;当初証拠金;維持証拠金;手数料;スプレッド;データ費用;銘柄単位の日本居住者利用可否","EVD-P04-0001;EVD-P04-0002","不適格確定ではなく、重要数値と利用可否の証拠が不足しているため保留","P06-v0.1-日本語再構成","2026-08-02","2026-08-02T15:44:17.6495541+09:00","実行可能性・資金Gate分析者","日本語化時に再構成。公式証拠で再確認が必要"
"GTE-P06-20260802-0001","CAN-EXP-REBUILT-039-JP064-IBSJ","EXP-REBUILT-039","CLU-EXP-REBUILT-039","VEH-JP064","JP064","COMEX","Interactive Brokers Securities Japan Inc.","エネルギー","再構成リスク群","PG-エネルギー","証拠不足","証拠不足","証拠不足","プラットフォーム確認済み・銘柄単位は未確認","証拠不足","証拠不足","証拠不足","証拠不足","証拠不足","証拠不足","証拠不足","証拠不足","証拠不足","証拠不足","","","","","N/ATR;現在価格;契約倍率;ティックサイズ;最小数量;当初証拠金;維持証拠金;手数料;スプレッド;データ費用;銘柄単位の日本居住者利用可否","EVD-P04-0001;EVD-P04-0002","不適格確定ではなく、重要数値と利用可否の証拠が不足しているため保留","P06-v0.1-日本語再構成","2026-08-02","2026-08-02T15:44:17.6495541+09:00","実行可能性・資金Gate分析者","日本語化時に再構成。公式証拠で再確認が必要"
"GTE-P06-20260802-0001","CAN-EXP-REBUILT-040-JP065-IBSJ","EXP-REBUILT-040","CLU-EXP-REBUILT-040","VEH-JP065","JP065","ICEUS","Interactive Brokers Securities Japan Inc.","環境・電力","再構成リスク群","PG-環境・電力","証拠不足","証拠不足","証拠不足","プラットフォーム確認済み・銘柄単位は未確認","証拠不足","証拠不足","証拠不足","証拠不足","証拠不足","証拠不足","証拠不足","証拠不足","証拠不足","証拠不足","","","","","N/ATR;現在価格;契約倍率;ティックサイズ;最小数量;当初証拠金;維持証拠金;手数料;スプレッド;データ費用;銘柄単位の日本居住者利用可否","EVD-P04-0001;EVD-P04-0002","不適格確定ではなく、重要数値と利用可否の証拠が不足しているため保留","P06-v0.1-日本語再構成","2026-08-02","2026-08-02T15:44:17.6495541+09:00","実行可能性・資金Gate分析者","日本語化時に再構成。公式証拠で再確認が必要"
"GTE-P06-20260802-0001","CAN-EXP-REBUILT-041-JP066-IBSJ","EXP-REBUILT-041","CLU-EXP-REBUILT-041","VEH-JP066","JP066","ICEEU","Interactive Brokers Securities Japan Inc.","金属","再構成リスク群","PG-金属","証拠不足","証拠不足","証拠不足","プラットフォーム確認済み・銘柄単位は未確認","証拠不足","証拠不足","証拠不足","証拠不足","証拠不足","証拠不足","証拠不足","証拠不足","証拠不足","証拠不足","","","","","N/ATR;現在価格;契約倍率;ティックサイズ;最小数量;当初証拠金;維持証拠金;手数料;スプレッド;データ費用;銘柄単位の日本居住者利用可否","EVD-P04-0001;EVD-P04-0002","不適格確定ではなく、重要数値と利用可否の証拠が不足しているため保留","P06-v0.1-日本語再構成","2026-08-02","2026-08-02T15:44:17.6495541+09:00","実行可能性・資金Gate分析者","日本語化時に再構成。公式証拠で再確認が必要"
"GTE-P06-20260802-0001","CAN-EXP-REBUILT-042-JP067-IBSJ","EXP-REBUILT-042","CLU-EXP-REBUILT-042","VEH-JP067","JP067","OSE","Interactive Brokers Securities Japan Inc.","穀物・油糧種子","再構成リスク群","PG-穀物・油糧種子","証拠不足","証拠不足","証拠不足","プラットフォーム確認済み・銘柄単位は未確認","証拠不足","証拠不足","証拠不足","証拠不足","証拠不足","証拠不足","証拠不足","証拠不足","証拠不足","証拠不足","","","","","N/ATR;現在価格;契約倍率;ティックサイズ;最小数量;当初証拠金;維持証拠金;手数料;スプレッド;データ費用;銘柄単位の日本居住者利用可否","EVD-P04-0001;EVD-P04-0002","不適格確定ではなく、重要数値と利用可否の証拠が不足しているため保留","P06-v0.1-日本語再構成","2026-08-02","2026-08-02T15:44:17.6495541+09:00","実行可能性・資金Gate分析者","日本語化時に再構成。公式証拠で再確認が必要"
"GTE-P06-20260802-0001","CAN-EXP-REBUILT-043-JP068-IBSJ","EXP-REBUILT-043","CLU-EXP-REBUILT-043","VEH-JP068","JP068","TOCOM","Interactive Brokers Securities Japan Inc.","畜産","再構成リスク群","PG-畜産","証拠不足","証拠不足","証拠不足","プラットフォーム確認済み・銘柄単位は未確認","証拠不足","証拠不足","証拠不足","証拠不足","証拠不足","証拠不足","証拠不足","証拠不足","証拠不足","証拠不足","","","","","N/ATR;現在価格;契約倍率;ティックサイズ;最小数量;当初証拠金;維持証拠金;手数料;スプレッド;データ費用;銘柄単位の日本居住者利用可否","EVD-P04-0001;EVD-P04-0002","不適格確定ではなく、重要数値と利用可否の証拠が不足しているため保留","P06-v0.1-日本語再構成","2026-08-02","2026-08-02T15:44:17.6495541+09:00","実行可能性・資金Gate分析者","日本語化時に再構成。公式証拠で再確認が必要"
"GTE-P06-20260802-0001","CAN-EXP-REBUILT-044-JP069-IBSJ","EXP-REBUILT-044","CLU-EXP-REBUILT-044","VEH-JP069","JP069","EUREX","Interactive Brokers Securities Japan Inc.","暗号資産","再構成リスク群","PG-暗号資産","証拠不足","証拠不足","証拠不足","プラットフォーム確認済み・銘柄単位は未確認","証拠不足","証拠不足","証拠不足","証拠不足","証拠不足","証拠不足","証拠不足","証拠不足","証拠不足","証拠不足","","","","","N/ATR;現在価格;契約倍率;ティックサイズ;最小数量;当初証拠金;維持証拠金;手数料;スプレッド;データ費用;銘柄単位の日本居住者利用可否","EVD-P04-0001;EVD-P04-0002","不適格確定ではなく、重要数値と利用可否の証拠が不足しているため保留","P06-v0.1-日本語再構成","2026-08-02","2026-08-02T15:44:17.6495541+09:00","実行可能性・資金Gate分析者","日本語化時に再構成。公式証拠で再確認が必要"
"GTE-P06-20260802-0001","CAN-EXP-REBUILT-045-JP070-IBSJ","EXP-REBUILT-045","CLU-EXP-REBUILT-045","VEH-JP070","JP070","SGX","Interactive Brokers Securities Japan Inc.","ソフトコモディティ","再構成リスク群","PG-ソフトコモディティ","証拠不足","証拠不足","証拠不足","プラットフォーム確認済み・銘柄単位は未確認","証拠不足","証拠不足","証拠不足","証拠不足","証拠不足","証拠不足","証拠不足","証拠不足","証拠不足","証拠不足","","","","","N/ATR;現在価格;契約倍率;ティックサイズ;最小数量;当初証拠金;維持証拠金;手数料;スプレッド;データ費用;銘柄単位の日本居住者利用可否","EVD-P04-0001;EVD-P04-0002","不適格確定ではなく、重要数値と利用可否の証拠が不足しているため保留","P06-v0.1-日本語再構成","2026-08-02","2026-08-02T15:44:17.6495541+09:00","実行可能性・資金Gate分析者","日本語化時に再構成。公式証拠で再確認が必要"
"GTE-P06-20260802-0001","CAN-EXP-REBUILT-046-JP071-IBSJ","EXP-REBUILT-046","CLU-EXP-REBUILT-046","VEH-JP071","JP071","CFE","Interactive Brokers Securities Japan Inc.","ボラティリティ","再構成リスク群","PG-ボラティリティ","証拠不足","証拠不足","証拠不足","プラットフォーム確認済み・銘柄単位は未確認","証拠不足","証拠不足","証拠不足","証拠不足","証拠不足","証拠不足","証拠不足","証拠不足","証拠不足","証拠不足","","","","","N/ATR;現在価格;契約倍率;ティックサイズ;最小数量;当初証拠金;維持証拠金;手数料;スプレッド;データ費用;銘柄単位の日本居住者利用可否","EVD-P04-0001;EVD-P04-0002","不適格確定ではなく、重要数値と利用可否の証拠が不足しているため保留","P06-v0.1-日本語再構成","2026-08-02","2026-08-02T15:44:17.6495541+09:00","実行可能性・資金Gate分析者","日本語化時に再構成。公式証拠で再確認が必要"
"GTE-P06-20260802-0001","CAN-EXP-REBUILT-047-JP072-IBSJ","EXP-REBUILT-047","CLU-EXP-REBUILT-047","VEH-JP072","JP072","NASDAQ","Interactive Brokers Securities Japan Inc.","不動産","再構成リスク群","PG-不動産","証拠不足","証拠不足","証拠不足","プラットフォーム確認済み・銘柄単位は未確認","証拠不足","証拠不足","証拠不足","証拠不足","証拠不足","証拠不足","証拠不足","証拠不足","証拠不足","証拠不足","","","","","N/ATR;現在価格;契約倍率;ティックサイズ;最小数量;当初証拠金;維持証拠金;手数料;スプレッド;データ費用;銘柄単位の日本居住者利用可否","EVD-P04-0001;EVD-P04-0002","不適格確定ではなく、重要数値と利用可否の証拠が不足しているため保留","P06-v0.1-日本語再構成","2026-08-02","2026-08-02T15:44:17.6495541+09:00","実行可能性・資金Gate分析者","日本語化時に再構成。公式証拠で再確認が必要"
"GTE-P06-20260802-0001","CAN-EXP-REBUILT-048-JP073-IBSJ","EXP-REBUILT-048","CLU-EXP-REBUILT-048","VEH-JP073","JP073","CME","Interactive Brokers Securities Japan Inc.","株価指数","再構成リスク群","PG-株価指数","証拠不足","証拠不足","証拠不足","プラットフォーム確認済み・銘柄単位は未確認","証拠不足","証拠不足","証拠不足","証拠不足","証拠不足","証拠不足","証拠不足","証拠不足","証拠不足","証拠不足","","","","","N/ATR;現在価格;契約倍率;ティックサイズ;最小数量;当初証拠金;維持証拠金;手数料;スプレッド;データ費用;銘柄単位の日本居住者利用可否","EVD-P04-0001;EVD-P04-0002","不適格確定ではなく、重要数値と利用可否の証拠が不足しているため保留","P06-v0.1-日本語再構成","2026-08-02","2026-08-02T15:44:17.6495541+09:00","実行可能性・資金Gate分析者","日本語化時に再構成。公式証拠で再確認が必要"
"GTE-P06-20260802-0001","CAN-EXP-REBUILT-049-JP074-IBSJ","EXP-REBUILT-049","CLU-EXP-REBUILT-049","VEH-JP074","JP074","CBOT","Interactive Brokers Securities Japan Inc.","金利・債券","再構成リスク群","PG-金利・債券","証拠不足","証拠不足","証拠不足","プラットフォーム確認済み・銘柄単位は未確認","証拠不足","証拠不足","証拠不足","証拠不足","証拠不足","証拠不足","証拠不足","証拠不足","証拠不足","証拠不足","","","","","N/ATR;現在価格;契約倍率;ティックサイズ;最小数量;当初証拠金;維持証拠金;手数料;スプレッド;データ費用;銘柄単位の日本居住者利用可否","EVD-P04-0001;EVD-P04-0002","不適格確定ではなく、重要数値と利用可否の証拠が不足しているため保留","P06-v0.1-日本語再構成","2026-08-02","2026-08-02T15:44:17.6495541+09:00","実行可能性・資金Gate分析者","日本語化時に再構成。公式証拠で再確認が必要"
"GTE-P06-20260802-0001","CAN-EXP-REBUILT-050-JP075-IBSJ","EXP-REBUILT-050","CLU-EXP-REBUILT-050","VEH-JP075","JP075","NYMEX","Interactive Brokers Securities Japan Inc.","為替","再構成リスク群","PG-為替","証拠不足","証拠不足","証拠不足","プラットフォーム確認済み・銘柄単位は未確認","証拠不足","証拠不足","証拠不足","証拠不足","証拠不足","証拠不足","証拠不足","証拠不足","証拠不足","証拠不足","","","","","N/ATR;現在価格;契約倍率;ティックサイズ;最小数量;当初証拠金;維持証拠金;手数料;スプレッド;データ費用;銘柄単位の日本居住者利用可否","EVD-P04-0001;EVD-P04-0002","不適格確定ではなく、重要数値と利用可否の証拠が不足しているため保留","P06-v0.1-日本語再構成","2026-08-02","2026-08-02T15:44:17.6495541+09:00","実行可能性・資金Gate分析者","日本語化時に再構成。公式証拠で再確認が必要"
"GTE-P06-20260802-0001","CAN-EXP-REBUILT-051-JP076-IBSJ","EXP-REBUILT-051","CLU-EXP-REBUILT-051","VEH-JP076","JP076","COMEX","Interactive Brokers Securities Japan Inc.","エネルギー","再構成リスク群","PG-エネルギー","証拠不足","証拠不足","証拠不足","プラットフォーム確認済み・銘柄単位は未確認","証拠不足","証拠不足","証拠不足","証拠不足","証拠不足","証拠不足","証拠不足","証拠不足","証拠不足","証拠不足","","","","","N/ATR;現在価格;契約倍率;ティックサイズ;最小数量;当初証拠金;維持証拠金;手数料;スプレッド;データ費用;銘柄単位の日本居住者利用可否","EVD-P04-0001;EVD-P04-0002","不適格確定ではなく、重要数値と利用可否の証拠が不足しているため保留","P06-v0.1-日本語再構成","2026-08-02","2026-08-02T15:44:17.6495541+09:00","実行可能性・資金Gate分析者","日本語化時に再構成。公式証拠で再確認が必要"
"GTE-P06-20260802-0001","CAN-EXP-REBUILT-052-JP077-IBSJ","EXP-REBUILT-052","CLU-EXP-REBUILT-052","VEH-JP077","JP077","ICEUS","Interactive Brokers Securities Japan Inc.","環境・電力","再構成リスク群","PG-環境・電力","証拠不足","証拠不足","証拠不足","プラットフォーム確認済み・銘柄単位は未確認","証拠不足","証拠不足","証拠不足","証拠不足","証拠不足","証拠不足","証拠不足","証拠不足","証拠不足","証拠不足","","","","","N/ATR;現在価格;契約倍率;ティックサイズ;最小数量;当初証拠金;維持証拠金;手数料;スプレッド;データ費用;銘柄単位の日本居住者利用可否","EVD-P04-0001;EVD-P04-0002","不適格確定ではなく、重要数値と利用可否の証拠が不足しているため保留","P06-v0.1-日本語再構成","2026-08-02","2026-08-02T15:44:17.6495541+09:00","実行可能性・資金Gate分析者","日本語化時に再構成。公式証拠で再確認が必要"
"GTE-P06-20260802-0001","CAN-EXP-REBUILT-053-JP078-IBSJ","EXP-REBUILT-053","CLU-EXP-REBUILT-053","VEH-JP078","JP078","ICEEU","Interactive Brokers Securities Japan Inc.","金属","再構成リスク群","PG-金属","証拠不足","証拠不足","証拠不足","プラットフォーム確認済み・銘柄単位は未確認","証拠不足","証拠不足","証拠不足","証拠不足","証拠不足","証拠不足","証拠不足","証拠不足","証拠不足","証拠不足","","","","","N/ATR;現在価格;契約倍率;ティックサイズ;最小数量;当初証拠金;維持証拠金;手数料;スプレッド;データ費用;銘柄単位の日本居住者利用可否","EVD-P04-0001;EVD-P04-0002","不適格確定ではなく、重要数値と利用可否の証拠が不足しているため保留","P06-v0.1-日本語再構成","2026-08-02","2026-08-02T15:44:17.6495541+09:00","実行可能性・資金Gate分析者","日本語化時に再構成。公式証拠で再確認が必要"
"GTE-P06-20260802-0001","CAN-EXP-REBUILT-054-JP079-IBSJ","EXP-REBUILT-054","CLU-EXP-REBUILT-054","VEH-JP079","JP079","OSE","Interactive Brokers Securities Japan Inc.","穀物・油糧種子","再構成リスク群","PG-穀物・油糧種子","証拠不足","証拠不足","証拠不足","プラットフォーム確認済み・銘柄単位は未確認","証拠不足","証拠不足","証拠不足","証拠不足","証拠不足","証拠不足","証拠不足","証拠不足","証拠不足","証拠不足","","","","","N/ATR;現在価格;契約倍率;ティックサイズ;最小数量;当初証拠金;維持証拠金;手数料;スプレッド;データ費用;銘柄単位の日本居住者利用可否","EVD-P04-0001;EVD-P04-0002","不適格確定ではなく、重要数値と利用可否の証拠が不足しているため保留","P06-v0.1-日本語再構成","2026-08-02","2026-08-02T15:44:17.6495541+09:00","実行可能性・資金Gate分析者","日本語化時に再構成。公式証拠で再確認が必要"
"GTE-P06-20260802-0001","CAN-EXP-REBUILT-055-JP080-IBSJ","EXP-REBUILT-055","CLU-EXP-REBUILT-055","VEH-JP080","JP080","TOCOM","Interactive Brokers Securities Japan Inc.","畜産","再構成リスク群","PG-畜産","証拠不足","証拠不足","証拠不足","プラットフォーム確認済み・銘柄単位は未確認","証拠不足","証拠不足","証拠不足","証拠不足","証拠不足","証拠不足","証拠不足","証拠不足","証拠不足","証拠不足","","","","","N/ATR;現在価格;契約倍率;ティックサイズ;最小数量;当初証拠金;維持証拠金;手数料;スプレッド;データ費用;銘柄単位の日本居住者利用可否","EVD-P04-0001;EVD-P04-0002","不適格確定ではなく、重要数値と利用可否の証拠が不足しているため保留","P06-v0.1-日本語再構成","2026-08-02","2026-08-02T15:44:17.6495541+09:00","実行可能性・資金Gate分析者","日本語化時に再構成。公式証拠で再確認が必要"
"GTE-P06-20260802-0001","CAN-EXP-REBUILT-056-JP081-IBSJ","EXP-REBUILT-056","CLU-EXP-REBUILT-056","VEH-JP081","JP081","EUREX","Interactive Brokers Securities Japan Inc.","暗号資産","再構成リスク群","PG-暗号資産","証拠不足","証拠不足","証拠不足","プラットフォーム確認済み・銘柄単位は未確認","証拠不足","証拠不足","証拠不足","証拠不足","証拠不足","証拠不足","証拠不足","証拠不足","証拠不足","証拠不足","","","","","N/ATR;現在価格;契約倍率;ティックサイズ;最小数量;当初証拠金;維持証拠金;手数料;スプレッド;データ費用;銘柄単位の日本居住者利用可否","EVD-P04-0001;EVD-P04-0002","不適格確定ではなく、重要数値と利用可否の証拠が不足しているため保留","P06-v0.1-日本語再構成","2026-08-02","2026-08-02T15:44:17.6495541+09:00","実行可能性・資金Gate分析者","日本語化時に再構成。公式証拠で再確認が必要"
"GTE-P06-20260802-0001","CAN-EXP-REBUILT-057-JP082-IBSJ","EXP-REBUILT-057","CLU-EXP-REBUILT-057","VEH-JP082","JP082","SGX","Interactive Brokers Securities Japan Inc.","ソフトコモディティ","再構成リスク群","PG-ソフトコモディティ","証拠不足","証拠不足","証拠不足","プラットフォーム確認済み・銘柄単位は未確認","証拠不足","証拠不足","証拠不足","証拠不足","証拠不足","証拠不足","証拠不足","証拠不足","証拠不足","証拠不足","","","","","N/ATR;現在価格;契約倍率;ティックサイズ;最小数量;当初証拠金;維持証拠金;手数料;スプレッド;データ費用;銘柄単位の日本居住者利用可否","EVD-P04-0001;EVD-P04-0002","不適格確定ではなく、重要数値と利用可否の証拠が不足しているため保留","P06-v0.1-日本語再構成","2026-08-02","2026-08-02T15:44:17.6495541+09:00","実行可能性・資金Gate分析者","日本語化時に再構成。公式証拠で再確認が必要"
"GTE-P06-20260802-0001","CAN-EXP-REBUILT-058-JP083-IBSJ","EXP-REBUILT-058","CLU-EXP-REBUILT-058","VEH-JP083","JP083","CFE","Interactive Brokers Securities Japan Inc.","ボラティリティ","再構成リスク群","PG-ボラティリティ","証拠不足","証拠不足","証拠不足","プラットフォーム確認済み・銘柄単位は未確認","証拠不足","証拠不足","証拠不足","証拠不足","証拠不足","証拠不足","証拠不足","証拠不足","証拠不足","証拠不足","","","","","N/ATR;現在価格;契約倍率;ティックサイズ;最小数量;当初証拠金;維持証拠金;手数料;スプレッド;データ費用;銘柄単位の日本居住者利用可否","EVD-P04-0001;EVD-P04-0002","不適格確定ではなく、重要数値と利用可否の証拠が不足しているため保留","P06-v0.1-日本語再構成","2026-08-02","2026-08-02T15:44:17.6495541+09:00","実行可能性・資金Gate分析者","日本語化時に再構成。公式証拠で再確認が必要"
"GTE-P06-20260802-0001","CAN-EXP-REBUILT-059-JP084-IBSJ","EXP-REBUILT-059","CLU-EXP-REBUILT-059","VEH-JP084","JP084","NASDAQ","Interactive Brokers Securities Japan Inc.","不動産","再構成リスク群","PG-不動産","証拠不足","証拠不足","証拠不足","プラットフォーム確認済み・銘柄単位は未確認","証拠不足","証拠不足","証拠不足","証拠不足","証拠不足","証拠不足","証拠不足","証拠不足","証拠不足","証拠不足","","","","","N/ATR;現在価格;契約倍率;ティックサイズ;最小数量;当初証拠金;維持証拠金;手数料;スプレッド;データ費用;銘柄単位の日本居住者利用可否","EVD-P04-0001;EVD-P04-0002","不適格確定ではなく、重要数値と利用可否の証拠が不足しているため保留","P06-v0.1-日本語再構成","2026-08-02","2026-08-02T15:44:17.6495541+09:00","実行可能性・資金Gate分析者","日本語化時に再構成。公式証拠で再確認が必要"
"GTE-P06-20260802-0001","CAN-EXP-REBUILT-060-JP085-IBSJ","EXP-REBUILT-060","CLU-EXP-REBUILT-060","VEH-JP085","JP085","CME","Interactive Brokers Securities Japan Inc.","株価指数","再構成リスク群","PG-株価指数","証拠不足","証拠不足","証拠不足","プラットフォーム確認済み・銘柄単位は未確認","証拠不足","証拠不足","証拠不足","証拠不足","証拠不足","証拠不足","証拠不足","証拠不足","証拠不足","証拠不足","","","","","N/ATR;現在価格;契約倍率;ティックサイズ;最小数量;当初証拠金;維持証拠金;手数料;スプレッド;データ費用;銘柄単位の日本居住者利用可否","EVD-P04-0001;EVD-P04-0002","不適格確定ではなく、重要数値と利用可否の証拠が不足しているため保留","P06-v0.1-日本語再構成","2026-08-02","2026-08-02T15:44:17.6495541+09:00","実行可能性・資金Gate分析者","日本語化時に再構成。公式証拠で再確認が必要"
"GTE-P06-20260802-0001","CAN-EXP-REBUILT-061-JP086-IBSJ","EXP-REBUILT-061","CLU-EXP-REBUILT-061","VEH-JP086","JP086","CBOT","Interactive Brokers Securities Japan Inc.","金利・債券","再構成リスク群","PG-金利・債券","証拠不足","証拠不足","証拠不足","プラットフォーム確認済み・銘柄単位は未確認","証拠不足","証拠不足","証拠不足","証拠不足","証拠不足","証拠不足","証拠不足","証拠不足","証拠不足","証拠不足","","","","","N/ATR;現在価格;契約倍率;ティックサイズ;最小数量;当初証拠金;維持証拠金;手数料;スプレッド;データ費用;銘柄単位の日本居住者利用可否","EVD-P04-0001;EVD-P04-0002","不適格確定ではなく、重要数値と利用可否の証拠が不足しているため保留","P06-v0.1-日本語再構成","2026-08-02","2026-08-02T15:44:17.6495541+09:00","実行可能性・資金Gate分析者","日本語化時に再構成。公式証拠で再確認が必要"
"GTE-P06-20260802-0001","CAN-EXP-REBUILT-062-JP087-IBSJ","EXP-REBUILT-062","CLU-EXP-REBUILT-062","VEH-JP087","JP087","NYMEX","Interactive Brokers Securities Japan Inc.","為替","再構成リスク群","PG-為替","証拠不足","証拠不足","証拠不足","プラットフォーム確認済み・銘柄単位は未確認","証拠不足","証拠不足","証拠不足","証拠不足","証拠不足","証拠不足","証拠不足","証拠不足","証拠不足","証拠不足","","","","","N/ATR;現在価格;契約倍率;ティックサイズ;最小数量;当初証拠金;維持証拠金;手数料;スプレッド;データ費用;銘柄単位の日本居住者利用可否","EVD-P04-0001;EVD-P04-0002","不適格確定ではなく、重要数値と利用可否の証拠が不足しているため保留","P06-v0.1-日本語再構成","2026-08-02","2026-08-02T15:44:17.6495541+09:00","実行可能性・資金Gate分析者","日本語化時に再構成。公式証拠で再確認が必要"
"GTE-P06-20260802-0001","CAN-EXP-REBUILT-063-JP088-IBSJ","EXP-REBUILT-063","CLU-EXP-REBUILT-063","VEH-JP088","JP088","COMEX","Interactive Brokers Securities Japan Inc.","エネルギー","再構成リスク群","PG-エネルギー","証拠不足","証拠不足","証拠不足","プラットフォーム確認済み・銘柄単位は未確認","証拠不足","証拠不足","証拠不足","証拠不足","証拠不足","証拠不足","証拠不足","証拠不足","証拠不足","証拠不足","","","","","N/ATR;現在価格;契約倍率;ティックサイズ;最小数量;当初証拠金;維持証拠金;手数料;スプレッド;データ費用;銘柄単位の日本居住者利用可否","EVD-P04-0001;EVD-P04-0002","不適格確定ではなく、重要数値と利用可否の証拠が不足しているため保留","P06-v0.1-日本語再構成","2026-08-02","2026-08-02T15:44:17.6495541+09:00","実行可能性・資金Gate分析者","日本語化時に再構成。公式証拠で再確認が必要"
"GTE-P06-20260802-0001","CAN-EXP-REBUILT-064-JP089-IBSJ","EXP-REBUILT-064","CLU-EXP-REBUILT-064","VEH-JP089","JP089","ICEUS","Interactive Brokers Securities Japan Inc.","環境・電力","再構成リスク群","PG-環境・電力","証拠不足","証拠不足","証拠不足","プラットフォーム確認済み・銘柄単位は未確認","証拠不足","証拠不足","証拠不足","証拠不足","証拠不足","証拠不足","証拠不足","証拠不足","証拠不足","証拠不足","","","","","N/ATR;現在価格;契約倍率;ティックサイズ;最小数量;当初証拠金;維持証拠金;手数料;スプレッド;データ費用;銘柄単位の日本居住者利用可否","EVD-P04-0001;EVD-P04-0002","不適格確定ではなく、重要数値と利用可否の証拠が不足しているため保留","P06-v0.1-日本語再構成","2026-08-02","2026-08-02T15:44:17.6495541+09:00","実行可能性・資金Gate分析者","日本語化時に再構成。公式証拠で再確認が必要"
"GTE-P06-20260802-0001","CAN-EXP-REBUILT-065-JP090-IBSJ","EXP-REBUILT-065","CLU-EXP-REBUILT-065","VEH-JP090","JP090","ICEEU","Interactive Brokers Securities Japan Inc.","金属","再構成リスク群","PG-金属","証拠不足","証拠不足","証拠不足","プラットフォーム確認済み・銘柄単位は未確認","証拠不足","証拠不足","証拠不足","証拠不足","証拠不足","証拠不足","証拠不足","証拠不足","証拠不足","証拠不足","","","","","N/ATR;現在価格;契約倍率;ティックサイズ;最小数量;当初証拠金;維持証拠金;手数料;スプレッド;データ費用;銘柄単位の日本居住者利用可否","EVD-P04-0001;EVD-P04-0002","不適格確定ではなく、重要数値と利用可否の証拠が不足しているため保留","P06-v0.1-日本語再構成","2026-08-02","2026-08-02T15:44:17.6495541+09:00","実行可能性・資金Gate分析者","日本語化時に再構成。公式証拠で再確認が必要"
"GTE-P06-20260802-0001","CAN-EXP-REBUILT-066-JP091-IBSJ","EXP-REBUILT-066","CLU-EXP-REBUILT-066","VEH-JP091","JP091","OSE","Interactive Brokers Securities Japan Inc.","穀物・油糧種子","再構成リスク群","PG-穀物・油糧種子","証拠不足","証拠不足","証拠不足","プラットフォーム確認済み・銘柄単位は未確認","証拠不足","証拠不足","証拠不足","証拠不足","証拠不足","証拠不足","証拠不足","証拠不足","証拠不足","証拠不足","","","","","N/ATR;現在価格;契約倍率;ティックサイズ;最小数量;当初証拠金;維持証拠金;手数料;スプレッド;データ費用;銘柄単位の日本居住者利用可否","EVD-P04-0001;EVD-P04-0002","不適格確定ではなく、重要数値と利用可否の証拠が不足しているため保留","P06-v0.1-日本語再構成","2026-08-02","2026-08-02T15:44:17.6495541+09:00","実行可能性・資金Gate分析者","日本語化時に再構成。公式証拠で再確認が必要"
"GTE-P06-20260802-0001","CAN-EXP-REBUILT-067-JP092-IBSJ","EXP-REBUILT-067","CLU-EXP-REBUILT-067","VEH-JP092","JP092","TOCOM","Interactive Brokers Securities Japan Inc.","畜産","再構成リスク群","PG-畜産","証拠不足","証拠不足","証拠不足","プラットフォーム確認済み・銘柄単位は未確認","証拠不足","証拠不足","証拠不足","証拠不足","証拠不足","証拠不足","証拠不足","証拠不足","証拠不足","証拠不足","","","","","N/ATR;現在価格;契約倍率;ティックサイズ;最小数量;当初証拠金;維持証拠金;手数料;スプレッド;データ費用;銘柄単位の日本居住者利用可否","EVD-P04-0001;EVD-P04-0002","不適格確定ではなく、重要数値と利用可否の証拠が不足しているため保留","P06-v0.1-日本語再構成","2026-08-02","2026-08-02T15:44:17.6495541+09:00","実行可能性・資金Gate分析者","日本語化時に再構成。公式証拠で再確認が必要"
"GTE-P06-20260802-0001","CAN-EXP-REBUILT-068-JP093-IBSJ","EXP-REBUILT-068","CLU-EXP-REBUILT-068","VEH-JP093","JP093","EUREX","Interactive Brokers Securities Japan Inc.","暗号資産","再構成リスク群","PG-暗号資産","証拠不足","証拠不足","証拠不足","プラットフォーム確認済み・銘柄単位は未確認","証拠不足","証拠不足","証拠不足","証拠不足","証拠不足","証拠不足","証拠不足","証拠不足","証拠不足","証拠不足","","","","","N/ATR;現在価格;契約倍率;ティックサイズ;最小数量;当初証拠金;維持証拠金;手数料;スプレッド;データ費用;銘柄単位の日本居住者利用可否","EVD-P04-0001;EVD-P04-0002","不適格確定ではなく、重要数値と利用可否の証拠が不足しているため保留","P06-v0.1-日本語再構成","2026-08-02","2026-08-02T15:44:17.6495541+09:00","実行可能性・資金Gate分析者","日本語化時に再構成。公式証拠で再確認が必要"
"GTE-P06-20260802-0001","CAN-EXP-REBUILT-069-JP094-IBSJ","EXP-REBUILT-069","CLU-EXP-REBUILT-069","VEH-JP094","JP094","SGX","Interactive Brokers Securities Japan Inc.","ソフトコモディティ","再構成リスク群","PG-ソフトコモディティ","証拠不足","証拠不足","証拠不足","プラットフォーム確認済み・銘柄単位は未確認","証拠不足","証拠不足","証拠不足","証拠不足","証拠不足","証拠不足","証拠不足","証拠不足","証拠不足","証拠不足","","","","","N/ATR;現在価格;契約倍率;ティックサイズ;最小数量;当初証拠金;維持証拠金;手数料;スプレッド;データ費用;銘柄単位の日本居住者利用可否","EVD-P04-0001;EVD-P04-0002","不適格確定ではなく、重要数値と利用可否の証拠が不足しているため保留","P06-v0.1-日本語再構成","2026-08-02","2026-08-02T15:44:17.6495541+09:00","実行可能性・資金Gate分析者","日本語化時に再構成。公式証拠で再確認が必要"
"GTE-P06-20260802-0001","CAN-EXP-REBUILT-070-JP095-IBSJ","EXP-REBUILT-070","CLU-EXP-REBUILT-070","VEH-JP095","JP095","CFE","Interactive Brokers Securities Japan Inc.","ボラティリティ","再構成リスク群","PG-ボラティリティ","証拠不足","証拠不足","証拠不足","プラットフォーム確認済み・銘柄単位は未確認","証拠不足","証拠不足","証拠不足","証拠不足","証拠不足","証拠不足","証拠不足","証拠不足","証拠不足","証拠不足","","","","","N/ATR;現在価格;契約倍率;ティックサイズ;最小数量;当初証拠金;維持証拠金;手数料;スプレッド;データ費用;銘柄単位の日本居住者利用可否","EVD-P04-0001;EVD-P04-0002","不適格確定ではなく、重要数値と利用可否の証拠が不足しているため保留","P06-v0.1-日本語再構成","2026-08-02","2026-08-02T15:44:17.6495541+09:00","実行可能性・資金Gate分析者","日本語化時に再構成。公式証拠で再確認が必要"
"GTE-P06-20260802-0001","CAN-EXP-REBUILT-071-JP096-IBSJ","EXP-REBUILT-071","CLU-EXP-REBUILT-071","VEH-JP096","JP096","NASDAQ","Interactive Brokers Securities Japan Inc.","不動産","再構成リスク群","PG-不動産","証拠不足","証拠不足","証拠不足","プラットフォーム確認済み・銘柄単位は未確認","証拠不足","証拠不足","証拠不足","証拠不足","証拠不足","証拠不足","証拠不足","証拠不足","証拠不足","証拠不足","","","","","N/ATR;現在価格;契約倍率;ティックサイズ;最小数量;当初証拠金;維持証拠金;手数料;スプレッド;データ費用;銘柄単位の日本居住者利用可否","EVD-P04-0001;EVD-P04-0002","不適格確定ではなく、重要数値と利用可否の証拠が不足しているため保留","P06-v0.1-日本語再構成","2026-08-02","2026-08-02T15:44:17.6495541+09:00","実行可能性・資金Gate分析者","日本語化時に再構成。公式証拠で再確認が必要"
"GTE-P06-20260802-0001","CAN-EXP-REBUILT-072-JP097-IBSJ","EXP-REBUILT-072","CLU-EXP-REBUILT-072","VEH-JP097","JP097","CME","Interactive Brokers Securities Japan Inc.","株価指数","再構成リスク群","PG-株価指数","証拠不足","証拠不足","証拠不足","プラットフォーム確認済み・銘柄単位は未確認","証拠不足","証拠不足","証拠不足","証拠不足","証拠不足","証拠不足","証拠不足","証拠不足","証拠不足","証拠不足","","","","","N/ATR;現在価格;契約倍率;ティックサイズ;最小数量;当初証拠金;維持証拠金;手数料;スプレッド;データ費用;銘柄単位の日本居住者利用可否","EVD-P04-0001;EVD-P04-0002","不適格確定ではなく、重要数値と利用可否の証拠が不足しているため保留","P06-v0.1-日本語再構成","2026-08-02","2026-08-02T15:44:17.6495541+09:00","実行可能性・資金Gate分析者","日本語化時に再構成。公式証拠で再確認が必要"
"GTE-P06-20260802-0001","CAN-EXP-REBUILT-073-JP098-IBSJ","EXP-REBUILT-073","CLU-EXP-REBUILT-073","VEH-JP098","JP098","CBOT","Interactive Brokers Securities Japan Inc.","金利・債券","再構成リスク群","PG-金利・債券","証拠不足","証拠不足","証拠不足","プラットフォーム確認済み・銘柄単位は未確認","証拠不足","証拠不足","証拠不足","証拠不足","証拠不足","証拠不足","証拠不足","証拠不足","証拠不足","証拠不足","","","","","N/ATR;現在価格;契約倍率;ティックサイズ;最小数量;当初証拠金;維持証拠金;手数料;スプレッド;データ費用;銘柄単位の日本居住者利用可否","EVD-P04-0001;EVD-P04-0002","不適格確定ではなく、重要数値と利用可否の証拠が不足しているため保留","P06-v0.1-日本語再構成","2026-08-02","2026-08-02T15:44:17.6495541+09:00","実行可能性・資金Gate分析者","日本語化時に再構成。公式証拠で再確認が必要"
"GTE-P06-20260802-0001","CAN-EXP-REBUILT-074-JP099-IBSJ","EXP-REBUILT-074","CLU-EXP-REBUILT-074","VEH-JP099","JP099","NYMEX","Interactive Brokers Securities Japan Inc.","為替","再構成リスク群","PG-為替","証拠不足","証拠不足","証拠不足","プラットフォーム確認済み・銘柄単位は未確認","証拠不足","証拠不足","証拠不足","証拠不足","証拠不足","証拠不足","証拠不足","証拠不足","証拠不足","証拠不足","","","","","N/ATR;現在価格;契約倍率;ティックサイズ;最小数量;当初証拠金;維持証拠金;手数料;スプレッド;データ費用;銘柄単位の日本居住者利用可否","EVD-P04-0001;EVD-P04-0002","不適格確定ではなく、重要数値と利用可否の証拠が不足しているため保留","P06-v0.1-日本語再構成","2026-08-02","2026-08-02T15:44:17.6495541+09:00","実行可能性・資金Gate分析者","日本語化時に再構成。公式証拠で再確認が必要"
"GTE-P06-20260802-0001","CAN-EXP-REBUILT-075-JP100-IBSJ","EXP-REBUILT-075","CLU-EXP-REBUILT-075","VEH-JP100","JP100","COMEX","Interactive Brokers Securities Japan Inc.","エネルギー","再構成リスク群","PG-エネルギー","証拠不足","証拠不足","証拠不足","プラットフォーム確認済み・銘柄単位は未確認","証拠不足","証拠不足","証拠不足","証拠不足","証拠不足","証拠不足","証拠不足","証拠不足","証拠不足","証拠不足","","","","","N/ATR;現在価格;契約倍率;ティックサイズ;最小数量;当初証拠金;維持証拠金;手数料;スプレッド;データ費用;銘柄単位の日本居住者利用可否","EVD-P04-0001;EVD-P04-0002","不適格確定ではなく、重要数値と利用可否の証拠が不足しているため保留","P06-v0.1-日本語再構成","2026-08-02","2026-08-02T15:44:17.6495541+09:00","実行可能性・資金Gate分析者","日本語化時に再構成。公式証拠で再確認が必要"
"GTE-P06-20260802-0001","CAN-EXP-REBUILT-076-JP101-IBSJ","EXP-REBUILT-076","CLU-EXP-REBUILT-076","VEH-JP101","JP101","ICEUS","Interactive Brokers Securities Japan Inc.","環境・電力","再構成リスク群","PG-環境・電力","証拠不足","証拠不足","証拠不足","プラットフォーム確認済み・銘柄単位は未確認","証拠不足","証拠不足","証拠不足","証拠不足","証拠不足","証拠不足","証拠不足","証拠不足","証拠不足","証拠不足","","","","","N/ATR;現在価格;契約倍率;ティックサイズ;最小数量;当初証拠金;維持証拠金;手数料;スプレッド;データ費用;銘柄単位の日本居住者利用可否","EVD-P04-0001;EVD-P04-0002","不適格確定ではなく、重要数値と利用可否の証拠が不足しているため保留","P06-v0.1-日本語再構成","2026-08-02","2026-08-02T15:44:17.6495541+09:00","実行可能性・資金Gate分析者","日本語化時に再構成。公式証拠で再確認が必要"
"GTE-P06-20260802-0001","CAN-EXP-REBUILT-077-JP102-IBSJ","EXP-REBUILT-077","CLU-EXP-REBUILT-077","VEH-JP102","JP102","ICEEU","Interactive Brokers Securities Japan Inc.","金属","再構成リスク群","PG-金属","証拠不足","証拠不足","証拠不足","プラットフォーム確認済み・銘柄単位は未確認","証拠不足","証拠不足","証拠不足","証拠不足","証拠不足","証拠不足","証拠不足","証拠不足","証拠不足","証拠不足","","","","","N/ATR;現在価格;契約倍率;ティックサイズ;最小数量;当初証拠金;維持証拠金;手数料;スプレッド;データ費用;銘柄単位の日本居住者利用可否","EVD-P04-0001;EVD-P04-0002","不適格確定ではなく、重要数値と利用可否の証拠が不足しているため保留","P06-v0.1-日本語再構成","2026-08-02","2026-08-02T15:44:17.6495541+09:00","実行可能性・資金Gate分析者","日本語化時に再構成。公式証拠で再確認が必要"
"GTE-P06-20260802-0001","CAN-EXP-REBUILT-078-JP103-IBSJ","EXP-REBUILT-078","CLU-EXP-REBUILT-078","VEH-JP103","JP103","OSE","Interactive Brokers Securities Japan Inc.","穀物・油糧種子","再構成リスク群","PG-穀物・油糧種子","証拠不足","証拠不足","証拠不足","プラットフォーム確認済み・銘柄単位は未確認","証拠不足","証拠不足","証拠不足","証拠不足","証拠不足","証拠不足","証拠不足","証拠不足","証拠不足","証拠不足","","","","","N/ATR;現在価格;契約倍率;ティックサイズ;最小数量;当初証拠金;維持証拠金;手数料;スプレッド;データ費用;銘柄単位の日本居住者利用可否","EVD-P04-0001;EVD-P04-0002","不適格確定ではなく、重要数値と利用可否の証拠が不足しているため保留","P06-v0.1-日本語再構成","2026-08-02","2026-08-02T15:44:17.6495541+09:00","実行可能性・資金Gate分析者","日本語化時に再構成。公式証拠で再確認が必要"
"GTE-P06-20260802-0001","CAN-EXP-REBUILT-079-JP104-IBSJ","EXP-REBUILT-079","CLU-EXP-REBUILT-079","VEH-JP104","JP104","TOCOM","Interactive Brokers Securities Japan Inc.","畜産","再構成リスク群","PG-畜産","証拠不足","証拠不足","証拠不足","プラットフォーム確認済み・銘柄単位は未確認","証拠不足","証拠不足","証拠不足","証拠不足","証拠不足","証拠不足","証拠不足","証拠不足","証拠不足","証拠不足","","","","","N/ATR;現在価格;契約倍率;ティックサイズ;最小数量;当初証拠金;維持証拠金;手数料;スプレッド;データ費用;銘柄単位の日本居住者利用可否","EVD-P04-0001;EVD-P04-0002","不適格確定ではなく、重要数値と利用可否の証拠が不足しているため保留","P06-v0.1-日本語再構成","2026-08-02","2026-08-02T15:44:17.6495541+09:00","実行可能性・資金Gate分析者","日本語化時に再構成。公式証拠で再確認が必要"
"GTE-P06-20260802-0001","CAN-EXP-REBUILT-080-JP105-IBSJ","EXP-REBUILT-080","CLU-EXP-REBUILT-080","VEH-JP105","JP105","EUREX","Interactive Brokers Securities Japan Inc.","暗号資産","再構成リスク群","PG-暗号資産","証拠不足","証拠不足","証拠不足","プラットフォーム確認済み・銘柄単位は未確認","証拠不足","証拠不足","証拠不足","証拠不足","証拠不足","証拠不足","証拠不足","証拠不足","証拠不足","証拠不足","","","","","N/ATR;現在価格;契約倍率;ティックサイズ;最小数量;当初証拠金;維持証拠金;手数料;スプレッド;データ費用;銘柄単位の日本居住者利用可否","EVD-P04-0001;EVD-P04-0002","不適格確定ではなく、重要数値と利用可否の証拠が不足しているため保留","P06-v0.1-日本語再構成","2026-08-02","2026-08-02T15:44:17.6495541+09:00","実行可能性・資金Gate分析者","日本語化時に再構成。公式証拠で再確認が必要"
"GTE-P06-20260802-0001","CAN-EXP-REBUILT-081-JP106-IBSJ","EXP-REBUILT-081","CLU-EXP-REBUILT-081","VEH-JP106","JP106","SGX","Interactive Brokers Securities Japan Inc.","ソフトコモディティ","再構成リスク群","PG-ソフトコモディティ","証拠不足","証拠不足","証拠不足","プラットフォーム確認済み・銘柄単位は未確認","証拠不足","証拠不足","証拠不足","証拠不足","証拠不足","証拠不足","証拠不足","証拠不足","証拠不足","証拠不足","","","","","N/ATR;現在価格;契約倍率;ティックサイズ;最小数量;当初証拠金;維持証拠金;手数料;スプレッド;データ費用;銘柄単位の日本居住者利用可否","EVD-P04-0001;EVD-P04-0002","不適格確定ではなく、重要数値と利用可否の証拠が不足しているため保留","P06-v0.1-日本語再構成","2026-08-02","2026-08-02T15:44:17.6495541+09:00","実行可能性・資金Gate分析者","日本語化時に再構成。公式証拠で再確認が必要"
"GTE-P06-20260802-0001","CAN-EXP-REBUILT-082-JP107-IBSJ","EXP-REBUILT-082","CLU-EXP-REBUILT-082","VEH-JP107","JP107","CFE","Interactive Brokers Securities Japan Inc.","ボラティリティ","再構成リスク群","PG-ボラティリティ","証拠不足","証拠不足","証拠不足","プラットフォーム確認済み・銘柄単位は未確認","証拠不足","証拠不足","証拠不足","証拠不足","証拠不足","証拠不足","証拠不足","証拠不足","証拠不足","証拠不足","","","","","N/ATR;現在価格;契約倍率;ティックサイズ;最小数量;当初証拠金;維持証拠金;手数料;スプレッド;データ費用;銘柄単位の日本居住者利用可否","EVD-P04-0001;EVD-P04-0002","不適格確定ではなく、重要数値と利用可否の証拠が不足しているため保留","P06-v0.1-日本語再構成","2026-08-02","2026-08-02T15:44:17.6495541+09:00","実行可能性・資金Gate分析者","日本語化時に再構成。公式証拠で再確認が必要"
"GTE-P06-20260802-0001","CAN-EXP-REBUILT-083-JP108-IBSJ","EXP-REBUILT-083","CLU-EXP-REBUILT-083","VEH-JP108","JP108","NASDAQ","Interactive Brokers Securities Japan Inc.","不動産","再構成リスク群","PG-不動産","証拠不足","証拠不足","証拠不足","プラットフォーム確認済み・銘柄単位は未確認","証拠不足","証拠不足","証拠不足","証拠不足","証拠不足","証拠不足","証拠不足","証拠不足","証拠不足","証拠不足","","","","","N/ATR;現在価格;契約倍率;ティックサイズ;最小数量;当初証拠金;維持証拠金;手数料;スプレッド;データ費用;銘柄単位の日本居住者利用可否","EVD-P04-0001;EVD-P04-0002","不適格確定ではなく、重要数値と利用可否の証拠が不足しているため保留","P06-v0.1-日本語再構成","2026-08-02","2026-08-02T15:44:17.6495541+09:00","実行可能性・資金Gate分析者","日本語化時に再構成。公式証拠で再確認が必要"
"GTE-P06-20260802-0001","CAN-EXP-REBUILT-084-JP109-IBSJ","EXP-REBUILT-084","CLU-EXP-REBUILT-084","VEH-JP109","JP109","CME","Interactive Brokers Securities Japan Inc.","株価指数","再構成リスク群","PG-株価指数","証拠不足","証拠不足","証拠不足","プラットフォーム確認済み・銘柄単位は未確認","証拠不足","証拠不足","証拠不足","証拠不足","証拠不足","証拠不足","証拠不足","証拠不足","証拠不足","証拠不足","","","","","N/ATR;現在価格;契約倍率;ティックサイズ;最小数量;当初証拠金;維持証拠金;手数料;スプレッド;データ費用;銘柄単位の日本居住者利用可否","EVD-P04-0001;EVD-P04-0002","不適格確定ではなく、重要数値と利用可否の証拠が不足しているため保留","P06-v0.1-日本語再構成","2026-08-02","2026-08-02T15:44:17.6495541+09:00","実行可能性・資金Gate分析者","日本語化時に再構成。公式証拠で再確認が必要"
"GTE-P06-20260802-0001","CAN-EXP-REBUILT-085-JP110-IBSJ","EXP-REBUILT-085","CLU-EXP-REBUILT-085","VEH-JP110","JP110","CBOT","Interactive Brokers Securities Japan Inc.","金利・債券","再構成リスク群","PG-金利・債券","証拠不足","証拠不足","証拠不足","プラットフォーム確認済み・銘柄単位は未確認","証拠不足","証拠不足","証拠不足","証拠不足","証拠不足","証拠不足","証拠不足","証拠不足","証拠不足","証拠不足","","","","","N/ATR;現在価格;契約倍率;ティックサイズ;最小数量;当初証拠金;維持証拠金;手数料;スプレッド;データ費用;銘柄単位の日本居住者利用可否","EVD-P04-0001;EVD-P04-0002","不適格確定ではなく、重要数値と利用可否の証拠が不足しているため保留","P06-v0.1-日本語再構成","2026-08-02","2026-08-02T15:44:17.6495541+09:00","実行可能性・資金Gate分析者","日本語化時に再構成。公式証拠で再確認が必要"
"GTE-P06-20260802-0001","CAN-EXP-REBUILT-086-JP111-IBSJ","EXP-REBUILT-086","CLU-EXP-REBUILT-086","VEH-JP111","JP111","NYMEX","Interactive Brokers Securities Japan Inc.","為替","再構成リスク群","PG-為替","証拠不足","証拠不足","証拠不足","プラットフォーム確認済み・銘柄単位は未確認","証拠不足","証拠不足","証拠不足","証拠不足","証拠不足","証拠不足","証拠不足","証拠不足","証拠不足","証拠不足","","","","","N/ATR;現在価格;契約倍率;ティックサイズ;最小数量;当初証拠金;維持証拠金;手数料;スプレッド;データ費用;銘柄単位の日本居住者利用可否","EVD-P04-0001;EVD-P04-0002","不適格確定ではなく、重要数値と利用可否の証拠が不足しているため保留","P06-v0.1-日本語再構成","2026-08-02","2026-08-02T15:44:17.6495541+09:00","実行可能性・資金Gate分析者","日本語化時に再構成。公式証拠で再確認が必要"
"GTE-P06-20260802-0001","CAN-EXP-REBUILT-087-JP112-IBSJ","EXP-REBUILT-087","CLU-EXP-REBUILT-087","VEH-JP112","JP112","COMEX","Interactive Brokers Securities Japan Inc.","エネルギー","再構成リスク群","PG-エネルギー","証拠不足","証拠不足","証拠不足","プラットフォーム確認済み・銘柄単位は未確認","証拠不足","証拠不足","証拠不足","証拠不足","証拠不足","証拠不足","証拠不足","証拠不足","証拠不足","証拠不足","","","","","N/ATR;現在価格;契約倍率;ティックサイズ;最小数量;当初証拠金;維持証拠金;手数料;スプレッド;データ費用;銘柄単位の日本居住者利用可否","EVD-P04-0001;EVD-P04-0002","不適格確定ではなく、重要数値と利用可否の証拠が不足しているため保留","P06-v0.1-日本語再構成","2026-08-02","2026-08-02T15:44:17.6495541+09:00","実行可能性・資金Gate分析者","日本語化時に再構成。公式証拠で再確認が必要"
"GTE-P06-20260802-0001","CAN-EXP-REBUILT-088-JP113-IBSJ","EXP-REBUILT-088","CLU-EXP-REBUILT-088","VEH-JP113","JP113","ICEUS","Interactive Brokers Securities Japan Inc.","環境・電力","再構成リスク群","PG-環境・電力","証拠不足","証拠不足","証拠不足","プラットフォーム確認済み・銘柄単位は未確認","証拠不足","証拠不足","証拠不足","証拠不足","証拠不足","証拠不足","証拠不足","証拠不足","証拠不足","証拠不足","","","","","N/ATR;現在価格;契約倍率;ティックサイズ;最小数量;当初証拠金;維持証拠金;手数料;スプレッド;データ費用;銘柄単位の日本居住者利用可否","EVD-P04-0001;EVD-P04-0002","不適格確定ではなく、重要数値と利用可否の証拠が不足しているため保留","P06-v0.1-日本語再構成","2026-08-02","2026-08-02T15:44:17.6495541+09:00","実行可能性・資金Gate分析者","日本語化時に再構成。公式証拠で再確認が必要"
"GTE-P06-20260802-0001","CAN-EXP-REBUILT-089-JP114-IBSJ","EXP-REBUILT-089","CLU-EXP-REBUILT-089","VEH-JP114","JP114","ICEEU","Interactive Brokers Securities Japan Inc.","金属","再構成リスク群","PG-金属","証拠不足","証拠不足","証拠不足","プラットフォーム確認済み・銘柄単位は未確認","証拠不足","証拠不足","証拠不足","証拠不足","証拠不足","証拠不足","証拠不足","証拠不足","証拠不足","証拠不足","","","","","N/ATR;現在価格;契約倍率;ティックサイズ;最小数量;当初証拠金;維持証拠金;手数料;スプレッド;データ費用;銘柄単位の日本居住者利用可否","EVD-P04-0001;EVD-P04-0002","不適格確定ではなく、重要数値と利用可否の証拠が不足しているため保留","P06-v0.1-日本語再構成","2026-08-02","2026-08-02T15:44:17.6495541+09:00","実行可能性・資金Gate分析者","日本語化時に再構成。公式証拠で再確認が必要"
"GTE-P06-20260802-0001","CAN-EXP-REBUILT-090-JP115-IBSJ","EXP-REBUILT-090","CLU-EXP-REBUILT-090","VEH-JP115","JP115","OSE","Interactive Brokers Securities Japan Inc.","穀物・油糧種子","再構成リスク群","PG-穀物・油糧種子","証拠不足","証拠不足","証拠不足","プラットフォーム確認済み・銘柄単位は未確認","証拠不足","証拠不足","証拠不足","証拠不足","証拠不足","証拠不足","証拠不足","証拠不足","証拠不足","証拠不足","","","","","N/ATR;現在価格;契約倍率;ティックサイズ;最小数量;当初証拠金;維持証拠金;手数料;スプレッド;データ費用;銘柄単位の日本居住者利用可否","EVD-P04-0001;EVD-P04-0002","不適格確定ではなく、重要数値と利用可否の証拠が不足しているため保留","P06-v0.1-日本語再構成","2026-08-02","2026-08-02T15:44:17.6495541+09:00","実行可能性・資金Gate分析者","日本語化時に再構成。公式証拠で再確認が必要"
"GTE-P06-20260802-0001","CAN-EXP-REBUILT-091-JP116-IBSJ","EXP-REBUILT-091","CLU-EXP-REBUILT-091","VEH-JP116","JP116","TOCOM","Interactive Brokers Securities Japan Inc.","畜産","再構成リスク群","PG-畜産","証拠不足","証拠不足","証拠不足","プラットフォーム確認済み・銘柄単位は未確認","証拠不足","証拠不足","証拠不足","証拠不足","証拠不足","証拠不足","証拠不足","証拠不足","証拠不足","証拠不足","","","","","N/ATR;現在価格;契約倍率;ティックサイズ;最小数量;当初証拠金;維持証拠金;手数料;スプレッド;データ費用;銘柄単位の日本居住者利用可否","EVD-P04-0001;EVD-P04-0002","不適格確定ではなく、重要数値と利用可否の証拠が不足しているため保留","P06-v0.1-日本語再構成","2026-08-02","2026-08-02T15:44:17.6495541+09:00","実行可能性・資金Gate分析者","日本語化時に再構成。公式証拠で再確認が必要"
"GTE-P06-20260802-0001","CAN-EXP-REBUILT-092-JP117-IBSJ","EXP-REBUILT-092","CLU-EXP-REBUILT-092","VEH-JP117","JP117","EUREX","Interactive Brokers Securities Japan Inc.","暗号資産","再構成リスク群","PG-暗号資産","証拠不足","証拠不足","証拠不足","プラットフォーム確認済み・銘柄単位は未確認","証拠不足","証拠不足","証拠不足","証拠不足","証拠不足","証拠不足","証拠不足","証拠不足","証拠不足","証拠不足","","","","","N/ATR;現在価格;契約倍率;ティックサイズ;最小数量;当初証拠金;維持証拠金;手数料;スプレッド;データ費用;銘柄単位の日本居住者利用可否","EVD-P04-0001;EVD-P04-0002","不適格確定ではなく、重要数値と利用可否の証拠が不足しているため保留","P06-v0.1-日本語再構成","2026-08-02","2026-08-02T15:44:17.6495541+09:00","実行可能性・資金Gate分析者","日本語化時に再構成。公式証拠で再確認が必要"
"GTE-P06-20260802-0001","CAN-EXP-REBUILT-093-JP118-IBSJ","EXP-REBUILT-093","CLU-EXP-REBUILT-093","VEH-JP118","JP118","SGX","Interactive Brokers Securities Japan Inc.","ソフトコモディティ","再構成リスク群","PG-ソフトコモディティ","証拠不足","証拠不足","証拠不足","プラットフォーム確認済み・銘柄単位は未確認","証拠不足","証拠不足","証拠不足","証拠不足","証拠不足","証拠不足","証拠不足","証拠不足","証拠不足","証拠不足","","","","","N/ATR;現在価格;契約倍率;ティックサイズ;最小数量;当初証拠金;維持証拠金;手数料;スプレッド;データ費用;銘柄単位の日本居住者利用可否","EVD-P04-0001;EVD-P04-0002","不適格確定ではなく、重要数値と利用可否の証拠が不足しているため保留","P06-v0.1-日本語再構成","2026-08-02","2026-08-02T15:44:17.6495541+09:00","実行可能性・資金Gate分析者","日本語化時に再構成。公式証拠で再確認が必要"
"GTE-P06-20260802-0001","CAN-EXP-REBUILT-094-JP119-IBSJ","EXP-REBUILT-094","CLU-EXP-REBUILT-094","VEH-JP119","JP119","CFE","Interactive Brokers Securities Japan Inc.","ボラティリティ","再構成リスク群","PG-ボラティリティ","証拠不足","証拠不足","証拠不足","プラットフォーム確認済み・銘柄単位は未確認","証拠不足","証拠不足","証拠不足","証拠不足","証拠不足","証拠不足","証拠不足","証拠不足","証拠不足","証拠不足","","","","","N/ATR;現在価格;契約倍率;ティックサイズ;最小数量;当初証拠金;維持証拠金;手数料;スプレッド;データ費用;銘柄単位の日本居住者利用可否","EVD-P04-0001;EVD-P04-0002","不適格確定ではなく、重要数値と利用可否の証拠が不足しているため保留","P06-v0.1-日本語再構成","2026-08-02","2026-08-02T15:44:17.6495541+09:00","実行可能性・資金Gate分析者","日本語化時に再構成。公式証拠で再確認が必要"
"GTE-P06-20260802-0001","CAN-EXP-REBUILT-095-JP120-IBSJ","EXP-REBUILT-095","CLU-EXP-REBUILT-095","VEH-JP120","JP120","NASDAQ","Interactive Brokers Securities Japan Inc.","不動産","再構成リスク群","PG-不動産","証拠不足","証拠不足","証拠不足","プラットフォーム確認済み・銘柄単位は未確認","証拠不足","証拠不足","証拠不足","証拠不足","証拠不足","証拠不足","証拠不足","証拠不足","証拠不足","証拠不足","","","","","N/ATR;現在価格;契約倍率;ティックサイズ;最小数量;当初証拠金;維持証拠金;手数料;スプレッド;データ費用;銘柄単位の日本居住者利用可否","EVD-P04-0001;EVD-P04-0002","不適格確定ではなく、重要数値と利用可否の証拠が不足しているため保留","P06-v0.1-日本語再構成","2026-08-02","2026-08-02T15:44:17.6495541+09:00","実行可能性・資金Gate分析者","日本語化時に再構成。公式証拠で再確認が必要"
"GTE-P06-20260802-0001","CAN-EXP-REBUILT-096-JP121-IBSJ","EXP-REBUILT-096","CLU-EXP-REBUILT-096","VEH-JP121","JP121","CME","Interactive Brokers Securities Japan Inc.","株価指数","再構成リスク群","PG-株価指数","証拠不足","証拠不足","証拠不足","プラットフォーム確認済み・銘柄単位は未確認","証拠不足","証拠不足","証拠不足","証拠不足","証拠不足","証拠不足","証拠不足","証拠不足","証拠不足","証拠不足","","","","","N/ATR;現在価格;契約倍率;ティックサイズ;最小数量;当初証拠金;維持証拠金;手数料;スプレッド;データ費用;銘柄単位の日本居住者利用可否","EVD-P04-0001;EVD-P04-0002","不適格確定ではなく、重要数値と利用可否の証拠が不足しているため保留","P06-v0.1-日本語再構成","2026-08-02","2026-08-02T15:44:17.6495541+09:00","実行可能性・資金Gate分析者","日本語化時に再構成。公式証拠で再確認が必要"
"GTE-P06-20260802-0001","CAN-EXP-REBUILT-097-JP122-IBSJ","EXP-REBUILT-097","CLU-EXP-REBUILT-097","VEH-JP122","JP122","CBOT","Interactive Brokers Securities Japan Inc.","金利・債券","再構成リスク群","PG-金利・債券","証拠不足","証拠不足","証拠不足","プラットフォーム確認済み・銘柄単位は未確認","証拠不足","証拠不足","証拠不足","証拠不足","証拠不足","証拠不足","証拠不足","証拠不足","証拠不足","証拠不足","","","","","N/ATR;現在価格;契約倍率;ティックサイズ;最小数量;当初証拠金;維持証拠金;手数料;スプレッド;データ費用;銘柄単位の日本居住者利用可否","EVD-P04-0001;EVD-P04-0002","不適格確定ではなく、重要数値と利用可否の証拠が不足しているため保留","P06-v0.1-日本語再構成","2026-08-02","2026-08-02T15:44:17.6495541+09:00","実行可能性・資金Gate分析者","日本語化時に再構成。公式証拠で再確認が必要"
"GTE-P06-20260802-0001","CAN-EXP-REBUILT-098-JP123-IBSJ","EXP-REBUILT-098","CLU-EXP-REBUILT-098","VEH-JP123","JP123","NYMEX","Interactive Brokers Securities Japan Inc.","為替","再構成リスク群","PG-為替","証拠不足","証拠不足","証拠不足","プラットフォーム確認済み・銘柄単位は未確認","証拠不足","証拠不足","証拠不足","証拠不足","証拠不足","証拠不足","証拠不足","証拠不足","証拠不足","証拠不足","","","","","N/ATR;現在価格;契約倍率;ティックサイズ;最小数量;当初証拠金;維持証拠金;手数料;スプレッド;データ費用;銘柄単位の日本居住者利用可否","EVD-P04-0001;EVD-P04-0002","不適格確定ではなく、重要数値と利用可否の証拠が不足しているため保留","P06-v0.1-日本語再構成","2026-08-02","2026-08-02T15:44:17.6495541+09:00","実行可能性・資金Gate分析者","日本語化時に再構成。公式証拠で再確認が必要"
"GTE-P06-20260802-0001","CAN-EXP-REBUILT-099-JP124-IBSJ","EXP-REBUILT-099","CLU-EXP-REBUILT-099","VEH-JP124","JP124","COMEX","Interactive Brokers Securities Japan Inc.","エネルギー","再構成リスク群","PG-エネルギー","証拠不足","証拠不足","証拠不足","プラットフォーム確認済み・銘柄単位は未確認","証拠不足","証拠不足","証拠不足","証拠不足","証拠不足","証拠不足","証拠不足","証拠不足","証拠不足","証拠不足","","","","","N/ATR;現在価格;契約倍率;ティックサイズ;最小数量;当初証拠金;維持証拠金;手数料;スプレッド;データ費用;銘柄単位の日本居住者利用可否","EVD-P04-0001;EVD-P04-0002","不適格確定ではなく、重要数値と利用可否の証拠が不足しているため保留","P06-v0.1-日本語再構成","2026-08-02","2026-08-02T15:44:17.6495541+09:00","実行可能性・資金Gate分析者","日本語化時に再構成。公式証拠で再確認が必要"
"GTE-P06-20260802-0001","CAN-EXP-REBUILT-100-JP125-IBSJ","EXP-REBUILT-100","CLU-EXP-REBUILT-100","VEH-JP125","JP125","ICEUS","Interactive Brokers Securities Japan Inc.","環境・電力","再構成リスク群","PG-環境・電力","証拠不足","証拠不足","証拠不足","プラットフォーム確認済み・銘柄単位は未確認","証拠不足","証拠不足","証拠不足","証拠不足","証拠不足","証拠不足","証拠不足","証拠不足","証拠不足","証拠不足","","","","","N/ATR;現在価格;契約倍率;ティックサイズ;最小数量;当初証拠金;維持証拠金;手数料;スプレッド;データ費用;銘柄単位の日本居住者利用可否","EVD-P04-0001;EVD-P04-0002","不適格確定ではなく、重要数値と利用可否の証拠が不足しているため保留","P06-v0.1-日本語再構成","2026-08-02","2026-08-02T15:44:17.6495541+09:00","実行可能性・資金Gate分析者","日本語化時に再構成。公式証拠で再確認が必要"
"GTE-P06-20260802-0001","CAN-EXP-REBUILT-101-JP126-IBSJ","EXP-REBUILT-101","CLU-EXP-REBUILT-101","VEH-JP126","JP126","ICEEU","Interactive Brokers Securities Japan Inc.","金属","再構成リスク群","PG-金属","証拠不足","証拠不足","証拠不足","プラットフォーム確認済み・銘柄単位は未確認","証拠不足","証拠不足","証拠不足","証拠不足","証拠不足","証拠不足","証拠不足","証拠不足","証拠不足","証拠不足","","","","","N/ATR;現在価格;契約倍率;ティックサイズ;最小数量;当初証拠金;維持証拠金;手数料;スプレッド;データ費用;銘柄単位の日本居住者利用可否","EVD-P04-0001;EVD-P04-0002","不適格確定ではなく、重要数値と利用可否の証拠が不足しているため保留","P06-v0.1-日本語再構成","2026-08-02","2026-08-02T15:44:17.6495541+09:00","実行可能性・資金Gate分析者","日本語化時に再構成。公式証拠で再確認が必要"
"GTE-P06-20260802-0001","CAN-EXP-REBUILT-102-JP127-IBSJ","EXP-REBUILT-102","CLU-EXP-REBUILT-102","VEH-JP127","JP127","OSE","Interactive Brokers Securities Japan Inc.","穀物・油糧種子","再構成リスク群","PG-穀物・油糧種子","証拠不足","証拠不足","証拠不足","プラットフォーム確認済み・銘柄単位は未確認","証拠不足","証拠不足","証拠不足","証拠不足","証拠不足","証拠不足","証拠不足","証拠不足","証拠不足","証拠不足","","","","","N/ATR;現在価格;契約倍率;ティックサイズ;最小数量;当初証拠金;維持証拠金;手数料;スプレッド;データ費用;銘柄単位の日本居住者利用可否","EVD-P04-0001;EVD-P04-0002","不適格確定ではなく、重要数値と利用可否の証拠が不足しているため保留","P06-v0.1-日本語再構成","2026-08-02","2026-08-02T15:44:17.6495541+09:00","実行可能性・資金Gate分析者","日本語化時に再構成。公式証拠で再確認が必要"
"GTE-P06-20260802-0001","CAN-EXP-REBUILT-103-JP128-IBSJ","EXP-REBUILT-103","CLU-EXP-REBUILT-103","VEH-JP128","JP128","TOCOM","Interactive Brokers Securities Japan Inc.","畜産","再構成リスク群","PG-畜産","証拠不足","証拠不足","証拠不足","プラットフォーム確認済み・銘柄単位は未確認","証拠不足","証拠不足","証拠不足","証拠不足","証拠不足","証拠不足","証拠不足","証拠不足","証拠不足","証拠不足","","","","","N/ATR;現在価格;契約倍率;ティックサイズ;最小数量;当初証拠金;維持証拠金;手数料;スプレッド;データ費用;銘柄単位の日本居住者利用可否","EVD-P04-0001;EVD-P04-0002","不適格確定ではなく、重要数値と利用可否の証拠が不足しているため保留","P06-v0.1-日本語再構成","2026-08-02","2026-08-02T15:44:17.6495541+09:00","実行可能性・資金Gate分析者","日本語化時に再構成。公式証拠で再確認が必要"
"GTE-P06-20260802-0001","CAN-EXP-REBUILT-104-JP129-IBSJ","EXP-REBUILT-104","CLU-EXP-REBUILT-104","VEH-JP129","JP129","EUREX","Interactive Brokers Securities Japan Inc.","暗号資産","再構成リスク群","PG-暗号資産","証拠不足","証拠不足","証拠不足","プラットフォーム確認済み・銘柄単位は未確認","証拠不足","証拠不足","証拠不足","証拠不足","証拠不足","証拠不足","証拠不足","証拠不足","証拠不足","証拠不足","","","","","N/ATR;現在価格;契約倍率;ティックサイズ;最小数量;当初証拠金;維持証拠金;手数料;スプレッド;データ費用;銘柄単位の日本居住者利用可否","EVD-P04-0001;EVD-P04-0002","不適格確定ではなく、重要数値と利用可否の証拠が不足しているため保留","P06-v0.1-日本語再構成","2026-08-02","2026-08-02T15:44:17.6495541+09:00","実行可能性・資金Gate分析者","日本語化時に再構成。公式証拠で再確認が必要"
"GTE-P06-20260802-0001","CAN-EXP-REBUILT-105-JP130-IBSJ","EXP-REBUILT-105","CLU-EXP-REBUILT-105","VEH-JP130","JP130","SGX","Interactive Brokers Securities Japan Inc.","ソフトコモディティ","再構成リスク群","PG-ソフトコモディティ","証拠不足","証拠不足","証拠不足","プラットフォーム確認済み・銘柄単位は未確認","証拠不足","証拠不足","証拠不足","証拠不足","証拠不足","証拠不足","証拠不足","証拠不足","証拠不足","証拠不足","","","","","N/ATR;現在価格;契約倍率;ティックサイズ;最小数量;当初証拠金;維持証拠金;手数料;スプレッド;データ費用;銘柄単位の日本居住者利用可否","EVD-P04-0001;EVD-P04-0002","不適格確定ではなく、重要数値と利用可否の証拠が不足しているため保留","P06-v0.1-日本語再構成","2026-08-02","2026-08-02T15:44:17.6495541+09:00","実行可能性・資金Gate分析者","日本語化時に再構成。公式証拠で再確認が必要"
"GTE-P06-20260802-0001","CAN-EXP-REBUILT-106-JP131-IBSJ","EXP-REBUILT-106","CLU-EXP-REBUILT-106","VEH-JP131","JP131","CFE","Interactive Brokers Securities Japan Inc.","ボラティリティ","再構成リスク群","PG-ボラティリティ","証拠不足","証拠不足","証拠不足","プラットフォーム確認済み・銘柄単位は未確認","証拠不足","証拠不足","証拠不足","証拠不足","証拠不足","証拠不足","証拠不足","証拠不足","証拠不足","証拠不足","","","","","N/ATR;現在価格;契約倍率;ティックサイズ;最小数量;当初証拠金;維持証拠金;手数料;スプレッド;データ費用;銘柄単位の日本居住者利用可否","EVD-P04-0001;EVD-P04-0002","不適格確定ではなく、重要数値と利用可否の証拠が不足しているため保留","P06-v0.1-日本語再構成","2026-08-02","2026-08-02T15:44:17.6495541+09:00","実行可能性・資金Gate分析者","日本語化時に再構成。公式証拠で再確認が必要"
"GTE-P06-20260802-0001","CAN-EXP-REBUILT-107-JP132-IBSJ","EXP-REBUILT-107","CLU-EXP-REBUILT-107","VEH-JP132","JP132","NASDAQ","Interactive Brokers Securities Japan Inc.","不動産","再構成リスク群","PG-不動産","証拠不足","証拠不足","証拠不足","プラットフォーム確認済み・銘柄単位は未確認","証拠不足","証拠不足","証拠不足","証拠不足","証拠不足","証拠不足","証拠不足","証拠不足","証拠不足","証拠不足","","","","","N/ATR;現在価格;契約倍率;ティックサイズ;最小数量;当初証拠金;維持証拠金;手数料;スプレッド;データ費用;銘柄単位の日本居住者利用可否","EVD-P04-0001;EVD-P04-0002","不適格確定ではなく、重要数値と利用可否の証拠が不足しているため保留","P06-v0.1-日本語再構成","2026-08-02","2026-08-02T15:44:17.6495541+09:00","実行可能性・資金Gate分析者","日本語化時に再構成。公式証拠で再確認が必要"
"GTE-P06-20260802-0001","CAN-EXP-REBUILT-108-JP133-IBSJ","EXP-REBUILT-108","CLU-EXP-REBUILT-108","VEH-JP133","JP133","CME","Interactive Brokers Securities Japan Inc.","株価指数","再構成リスク群","PG-株価指数","証拠不足","証拠不足","証拠不足","プラットフォーム確認済み・銘柄単位は未確認","証拠不足","証拠不足","証拠不足","証拠不足","証拠不足","証拠不足","証拠不足","証拠不足","証拠不足","証拠不足","","","","","N/ATR;現在価格;契約倍率;ティックサイズ;最小数量;当初証拠金;維持証拠金;手数料;スプレッド;データ費用;銘柄単位の日本居住者利用可否","EVD-P04-0001;EVD-P04-0002","不適格確定ではなく、重要数値と利用可否の証拠が不足しているため保留","P06-v0.1-日本語再構成","2026-08-02","2026-08-02T15:44:17.6495541+09:00","実行可能性・資金Gate分析者","日本語化時に再構成。公式証拠で再確認が必要"
"GTE-P06-20260802-0001","CAN-EXP-REBUILT-109-JP134-IBSJ","EXP-REBUILT-109","CLU-EXP-REBUILT-109","VEH-JP134","JP134","CBOT","Interactive Brokers Securities Japan Inc.","金利・債券","再構成リスク群","PG-金利・債券","証拠不足","証拠不足","証拠不足","プラットフォーム確認済み・銘柄単位は未確認","証拠不足","証拠不足","証拠不足","証拠不足","証拠不足","証拠不足","証拠不足","証拠不足","証拠不足","証拠不足","","","","","N/ATR;現在価格;契約倍率;ティックサイズ;最小数量;当初証拠金;維持証拠金;手数料;スプレッド;データ費用;銘柄単位の日本居住者利用可否","EVD-P04-0001;EVD-P04-0002","不適格確定ではなく、重要数値と利用可否の証拠が不足しているため保留","P06-v0.1-日本語再構成","2026-08-02","2026-08-02T15:44:17.6495541+09:00","実行可能性・資金Gate分析者","日本語化時に再構成。公式証拠で再確認が必要"
"GTE-P06-20260802-0001","CAN-EXP-REBUILT-110-JP135-IBSJ","EXP-REBUILT-110","CLU-EXP-REBUILT-110","VEH-JP135","JP135","NYMEX","Interactive Brokers Securities Japan Inc.","為替","再構成リスク群","PG-為替","証拠不足","証拠不足","証拠不足","プラットフォーム確認済み・銘柄単位は未確認","証拠不足","証拠不足","証拠不足","証拠不足","証拠不足","証拠不足","証拠不足","証拠不足","証拠不足","証拠不足","","","","","N/ATR;現在価格;契約倍率;ティックサイズ;最小数量;当初証拠金;維持証拠金;手数料;スプレッド;データ費用;銘柄単位の日本居住者利用可否","EVD-P04-0001;EVD-P04-0002","不適格確定ではなく、重要数値と利用可否の証拠が不足しているため保留","P06-v0.1-日本語再構成","2026-08-02","2026-08-02T15:44:17.6495541+09:00","実行可能性・資金Gate分析者","日本語化時に再構成。公式証拠で再確認が必要"
"GTE-P06-20260802-0001","CAN-EXP-REBUILT-111-JP136-IBSJ","EXP-REBUILT-111","CLU-EXP-REBUILT-111","VEH-JP136","JP136","COMEX","Interactive Brokers Securities Japan Inc.","エネルギー","再構成リスク群","PG-エネルギー","証拠不足","証拠不足","証拠不足","プラットフォーム確認済み・銘柄単位は未確認","証拠不足","証拠不足","証拠不足","証拠不足","証拠不足","証拠不足","証拠不足","証拠不足","証拠不足","証拠不足","","","","","N/ATR;現在価格;契約倍率;ティックサイズ;最小数量;当初証拠金;維持証拠金;手数料;スプレッド;データ費用;銘柄単位の日本居住者利用可否","EVD-P04-0001;EVD-P04-0002","不適格確定ではなく、重要数値と利用可否の証拠が不足しているため保留","P06-v0.1-日本語再構成","2026-08-02","2026-08-02T15:44:17.6495541+09:00","実行可能性・資金Gate分析者","日本語化時に再構成。公式証拠で再確認が必要"
"GTE-P06-20260802-0001","CAN-EXP-REBUILT-112-JP137-IBSJ","EXP-REBUILT-112","CLU-EXP-REBUILT-112","VEH-JP137","JP137","ICEUS","Interactive Brokers Securities Japan Inc.","環境・電力","再構成リスク群","PG-環境・電力","証拠不足","証拠不足","証拠不足","プラットフォーム確認済み・銘柄単位は未確認","証拠不足","証拠不足","証拠不足","証拠不足","証拠不足","証拠不足","証拠不足","証拠不足","証拠不足","証拠不足","","","","","N/ATR;現在価格;契約倍率;ティックサイズ;最小数量;当初証拠金;維持証拠金;手数料;スプレッド;データ費用;銘柄単位の日本居住者利用可否","EVD-P04-0001;EVD-P04-0002","不適格確定ではなく、重要数値と利用可否の証拠が不足しているため保留","P06-v0.1-日本語再構成","2026-08-02","2026-08-02T15:44:17.6495541+09:00","実行可能性・資金Gate分析者","日本語化時に再構成。公式証拠で再確認が必要"
"GTE-P06-20260802-0001","CAN-EXP-REBUILT-113-JP138-IBSJ","EXP-REBUILT-113","CLU-EXP-REBUILT-113","VEH-JP138","JP138","ICEEU","Interactive Brokers Securities Japan Inc.","金属","再構成リスク群","PG-金属","証拠不足","証拠不足","証拠不足","プラットフォーム確認済み・銘柄単位は未確認","証拠不足","証拠不足","証拠不足","証拠不足","証拠不足","証拠不足","証拠不足","証拠不足","証拠不足","証拠不足","","","","","N/ATR;現在価格;契約倍率;ティックサイズ;最小数量;当初証拠金;維持証拠金;手数料;スプレッド;データ費用;銘柄単位の日本居住者利用可否","EVD-P04-0001;EVD-P04-0002","不適格確定ではなく、重要数値と利用可否の証拠が不足しているため保留","P06-v0.1-日本語再構成","2026-08-02","2026-08-02T15:44:17.6495541+09:00","実行可能性・資金Gate分析者","日本語化時に再構成。公式証拠で再確認が必要"
"GTE-P06-20260802-0001","CAN-EXP-REBUILT-114-JP139-IBSJ","EXP-REBUILT-114","CLU-EXP-REBUILT-114","VEH-JP139","JP139","OSE","Interactive Brokers Securities Japan Inc.","穀物・油糧種子","再構成リスク群","PG-穀物・油糧種子","証拠不足","証拠不足","証拠不足","プラットフォーム確認済み・銘柄単位は未確認","証拠不足","証拠不足","証拠不足","証拠不足","証拠不足","証拠不足","証拠不足","証拠不足","証拠不足","証拠不足","","","","","N/ATR;現在価格;契約倍率;ティックサイズ;最小数量;当初証拠金;維持証拠金;手数料;スプレッド;データ費用;銘柄単位の日本居住者利用可否","EVD-P04-0001;EVD-P04-0002","不適格確定ではなく、重要数値と利用可否の証拠が不足しているため保留","P06-v0.1-日本語再構成","2026-08-02","2026-08-02T15:44:17.6495541+09:00","実行可能性・資金Gate分析者","日本語化時に再構成。公式証拠で再確認が必要"
"GTE-P06-20260802-0001","CAN-EXP-REBUILT-115-JP140-IBSJ","EXP-REBUILT-115","CLU-EXP-REBUILT-115","VEH-JP140","JP140","TOCOM","Interactive Brokers Securities Japan Inc.","畜産","再構成リスク群","PG-畜産","証拠不足","証拠不足","証拠不足","プラットフォーム確認済み・銘柄単位は未確認","証拠不足","証拠不足","証拠不足","証拠不足","証拠不足","証拠不足","証拠不足","証拠不足","証拠不足","証拠不足","","","","","N/ATR;現在価格;契約倍率;ティックサイズ;最小数量;当初証拠金;維持証拠金;手数料;スプレッド;データ費用;銘柄単位の日本居住者利用可否","EVD-P04-0001;EVD-P04-0002","不適格確定ではなく、重要数値と利用可否の証拠が不足しているため保留","P06-v0.1-日本語再構成","2026-08-02","2026-08-02T15:44:17.6495541+09:00","実行可能性・資金Gate分析者","日本語化時に再構成。公式証拠で再確認が必要"
"GTE-P06-20260802-0001","CAN-EXP-REBUILT-116-JP141-IBSJ","EXP-REBUILT-116","CLU-EXP-REBUILT-116","VEH-JP141","JP141","EUREX","Interactive Brokers Securities Japan Inc.","暗号資産","再構成リスク群","PG-暗号資産","証拠不足","証拠不足","証拠不足","プラットフォーム確認済み・銘柄単位は未確認","証拠不足","証拠不足","証拠不足","証拠不足","証拠不足","証拠不足","証拠不足","証拠不足","証拠不足","証拠不足","","","","","N/ATR;現在価格;契約倍率;ティックサイズ;最小数量;当初証拠金;維持証拠金;手数料;スプレッド;データ費用;銘柄単位の日本居住者利用可否","EVD-P04-0001;EVD-P04-0002","不適格確定ではなく、重要数値と利用可否の証拠が不足しているため保留","P06-v0.1-日本語再構成","2026-08-02","2026-08-02T15:44:17.6495541+09:00","実行可能性・資金Gate分析者","日本語化時に再構成。公式証拠で再確認が必要"
"GTE-P06-20260802-0001","CAN-EXP-REBUILT-117-JP142-IBSJ","EXP-REBUILT-117","CLU-EXP-REBUILT-117","VEH-JP142","JP142","SGX","Interactive Brokers Securities Japan Inc.","ソフトコモディティ","再構成リスク群","PG-ソフトコモディティ","証拠不足","証拠不足","証拠不足","プラットフォーム確認済み・銘柄単位は未確認","証拠不足","証拠不足","証拠不足","証拠不足","証拠不足","証拠不足","証拠不足","証拠不足","証拠不足","証拠不足","","","","","N/ATR;現在価格;契約倍率;ティックサイズ;最小数量;当初証拠金;維持証拠金;手数料;スプレッド;データ費用;銘柄単位の日本居住者利用可否","EVD-P04-0001;EVD-P04-0002","不適格確定ではなく、重要数値と利用可否の証拠が不足しているため保留","P06-v0.1-日本語再構成","2026-08-02","2026-08-02T15:44:17.6495541+09:00","実行可能性・資金Gate分析者","日本語化時に再構成。公式証拠で再確認が必要"
"GTE-P06-20260802-0001","CAN-EXP-REBUILT-118-JP143-IBSJ","EXP-REBUILT-118","CLU-EXP-REBUILT-118","VEH-JP143","JP143","CFE","Interactive Brokers Securities Japan Inc.","ボラティリティ","再構成リスク群","PG-ボラティリティ","証拠不足","証拠不足","証拠不足","プラットフォーム確認済み・銘柄単位は未確認","証拠不足","証拠不足","証拠不足","証拠不足","証拠不足","証拠不足","証拠不足","証拠不足","証拠不足","証拠不足","","","","","N/ATR;現在価格;契約倍率;ティックサイズ;最小数量;当初証拠金;維持証拠金;手数料;スプレッド;データ費用;銘柄単位の日本居住者利用可否","EVD-P04-0001;EVD-P04-0002","不適格確定ではなく、重要数値と利用可否の証拠が不足しているため保留","P06-v0.1-日本語再構成","2026-08-02","2026-08-02T15:44:17.6495541+09:00","実行可能性・資金Gate分析者","日本語化時に再構成。公式証拠で再確認が必要"
"GTE-P06-20260802-0001","CAN-EXP-REBUILT-119-JP144-IBSJ","EXP-REBUILT-119","CLU-EXP-REBUILT-119","VEH-JP144","JP144","NASDAQ","Interactive Brokers Securities Japan Inc.","不動産","再構成リスク群","PG-不動産","証拠不足","証拠不足","証拠不足","プラットフォーム確認済み・銘柄単位は未確認","証拠不足","証拠不足","証拠不足","証拠不足","証拠不足","証拠不足","証拠不足","証拠不足","証拠不足","証拠不足","","","","","N/ATR;現在価格;契約倍率;ティックサイズ;最小数量;当初証拠金;維持証拠金;手数料;スプレッド;データ費用;銘柄単位の日本居住者利用可否","EVD-P04-0001;EVD-P04-0002","不適格確定ではなく、重要数値と利用可否の証拠が不足しているため保留","P06-v0.1-日本語再構成","2026-08-02","2026-08-02T15:44:17.6495541+09:00","実行可能性・資金Gate分析者","日本語化時に再構成。公式証拠で再確認が必要"
"GTE-P06-20260802-0001","CAN-EXP-REBUILT-120-JP145-IBSJ","EXP-REBUILT-120","CLU-EXP-REBUILT-120","VEH-JP145","JP145","CME","Interactive Brokers Securities Japan Inc.","株価指数","再構成リスク群","PG-株価指数","証拠不足","証拠不足","証拠不足","プラットフォーム確認済み・銘柄単位は未確認","証拠不足","証拠不足","証拠不足","証拠不足","証拠不足","証拠不足","証拠不足","証拠不足","証拠不足","証拠不足","","","","","N/ATR;現在価格;契約倍率;ティックサイズ;最小数量;当初証拠金;維持証拠金;手数料;スプレッド;データ費用;銘柄単位の日本居住者利用可否","EVD-P04-0001;EVD-P04-0002","不適格確定ではなく、重要数値と利用可否の証拠が不足しているため保留","P06-v0.1-日本語再構成","2026-08-02","2026-08-02T15:44:17.6495541+09:00","実行可能性・資金Gate分析者","日本語化時に再構成。公式証拠で再確認が必要"
"GTE-P06-20260802-0001","CAN-EXP-REBUILT-121-JP146-IBSJ","EXP-REBUILT-121","CLU-EXP-REBUILT-121","VEH-JP146","JP146","CBOT","Interactive Brokers Securities Japan Inc.","金利・債券","再構成リスク群","PG-金利・債券","証拠不足","証拠不足","証拠不足","プラットフォーム確認済み・銘柄単位は未確認","証拠不足","証拠不足","証拠不足","証拠不足","証拠不足","証拠不足","証拠不足","証拠不足","証拠不足","証拠不足","","","","","N/ATR;現在価格;契約倍率;ティックサイズ;最小数量;当初証拠金;維持証拠金;手数料;スプレッド;データ費用;銘柄単位の日本居住者利用可否","EVD-P04-0001;EVD-P04-0002","不適格確定ではなく、重要数値と利用可否の証拠が不足しているため保留","P06-v0.1-日本語再構成","2026-08-02","2026-08-02T15:44:17.6495541+09:00","実行可能性・資金Gate分析者","日本語化時に再構成。公式証拠で再確認が必要"
"GTE-P06-20260802-0001","CAN-EXP-REBUILT-122-JP147-IBSJ","EXP-REBUILT-122","CLU-EXP-REBUILT-122","VEH-JP147","JP147","NYMEX","Interactive Brokers Securities Japan Inc.","為替","再構成リスク群","PG-為替","証拠不足","証拠不足","証拠不足","プラットフォーム確認済み・銘柄単位は未確認","証拠不足","証拠不足","証拠不足","証拠不足","証拠不足","証拠不足","証拠不足","証拠不足","証拠不足","証拠不足","","","","","N/ATR;現在価格;契約倍率;ティックサイズ;最小数量;当初証拠金;維持証拠金;手数料;スプレッド;データ費用;銘柄単位の日本居住者利用可否","EVD-P04-0001;EVD-P04-0002","不適格確定ではなく、重要数値と利用可否の証拠が不足しているため保留","P06-v0.1-日本語再構成","2026-08-02","2026-08-02T15:44:17.6495541+09:00","実行可能性・資金Gate分析者","日本語化時に再構成。公式証拠で再確認が必要"
"GTE-P06-20260802-0001","CAN-EXP-REBUILT-123-JP148-IBSJ","EXP-REBUILT-123","CLU-EXP-REBUILT-123","VEH-JP148","JP148","COMEX","Interactive Brokers Securities Japan Inc.","エネルギー","再構成リスク群","PG-エネルギー","証拠不足","証拠不足","証拠不足","プラットフォーム確認済み・銘柄単位は未確認","証拠不足","証拠不足","証拠不足","証拠不足","証拠不足","証拠不足","証拠不足","証拠不足","証拠不足","証拠不足","","","","","N/ATR;現在価格;契約倍率;ティックサイズ;最小数量;当初証拠金;維持証拠金;手数料;スプレッド;データ費用;銘柄単位の日本居住者利用可否","EVD-P04-0001;EVD-P04-0002","不適格確定ではなく、重要数値と利用可否の証拠が不足しているため保留","P06-v0.1-日本語再構成","2026-08-02","2026-08-02T15:44:17.6495541+09:00","実行可能性・資金Gate分析者","日本語化時に再構成。公式証拠で再確認が必要"
"GTE-P06-20260802-0001","CAN-EXP-REBUILT-124-JP149-IBSJ","EXP-REBUILT-124","CLU-EXP-REBUILT-124","VEH-JP149","JP149","ICEUS","Interactive Brokers Securities Japan Inc.","環境・電力","再構成リスク群","PG-環境・電力","証拠不足","証拠不足","証拠不足","プラットフォーム確認済み・銘柄単位は未確認","証拠不足","証拠不足","証拠不足","証拠不足","証拠不足","証拠不足","証拠不足","証拠不足","証拠不足","証拠不足","","","","","N/ATR;現在価格;契約倍率;ティックサイズ;最小数量;当初証拠金;維持証拠金;手数料;スプレッド;データ費用;銘柄単位の日本居住者利用可否","EVD-P04-0001;EVD-P04-0002","不適格確定ではなく、重要数値と利用可否の証拠が不足しているため保留","P06-v0.1-日本語再構成","2026-08-02","2026-08-02T15:44:17.6495541+09:00","実行可能性・資金Gate分析者","日本語化時に再構成。公式証拠で再確認が必要"
"GTE-P06-20260802-0001","CAN-EXP-REBUILT-125-JP150-IBSJ","EXP-REBUILT-125","CLU-EXP-REBUILT-125","VEH-JP150","JP150","ICEEU","Interactive Brokers Securities Japan Inc.","金属","再構成リスク群","PG-金属","証拠不足","証拠不足","証拠不足","プラットフォーム確認済み・銘柄単位は未確認","証拠不足","証拠不足","証拠不足","証拠不足","証拠不足","証拠不足","証拠不足","証拠不足","証拠不足","証拠不足","","","","","N/ATR;現在価格;契約倍率;ティックサイズ;最小数量;当初証拠金;維持証拠金;手数料;スプレッド;データ費用;銘柄単位の日本居住者利用可否","EVD-P04-0001;EVD-P04-0002","不適格確定ではなく、重要数値と利用可否の証拠が不足しているため保留","P06-v0.1-日本語再構成","2026-08-02","2026-08-02T15:44:17.6495541+09:00","実行可能性・資金Gate分析者","日本語化時に再構成。公式証拠で再確認が必要"
"GTE-P06-20260802-0001","CAN-EXP-REBUILT-126-JP151-IBSJ","EXP-REBUILT-126","CLU-EXP-REBUILT-126","VEH-JP151","JP151","OSE","Interactive Brokers Securities Japan Inc.","穀物・油糧種子","再構成リスク群","PG-穀物・油糧種子","証拠不足","証拠不足","証拠不足","プラットフォーム確認済み・銘柄単位は未確認","証拠不足","証拠不足","証拠不足","証拠不足","証拠不足","証拠不足","証拠不足","証拠不足","証拠不足","証拠不足","","","","","N/ATR;現在価格;契約倍率;ティックサイズ;最小数量;当初証拠金;維持証拠金;手数料;スプレッド;データ費用;銘柄単位の日本居住者利用可否","EVD-P04-0001;EVD-P04-0002","不適格確定ではなく、重要数値と利用可否の証拠が不足しているため保留","P06-v0.1-日本語再構成","2026-08-02","2026-08-02T15:44:17.6495541+09:00","実行可能性・資金Gate分析者","日本語化時に再構成。公式証拠で再確認が必要"
"GTE-P06-20260802-0001","CAN-EXP-REBUILT-127-JP152-IBSJ","EXP-REBUILT-127","CLU-EXP-REBUILT-127","VEH-JP152","JP152","TOCOM","Interactive Brokers Securities Japan Inc.","畜産","再構成リスク群","PG-畜産","証拠不足","証拠不足","証拠不足","プラットフォーム確認済み・銘柄単位は未確認","証拠不足","証拠不足","証拠不足","証拠不足","証拠不足","証拠不足","証拠不足","証拠不足","証拠不足","証拠不足","","","","","N/ATR;現在価格;契約倍率;ティックサイズ;最小数量;当初証拠金;維持証拠金;手数料;スプレッド;データ費用;銘柄単位の日本居住者利用可否","EVD-P04-0001;EVD-P04-0002","不適格確定ではなく、重要数値と利用可否の証拠が不足しているため保留","P06-v0.1-日本語再構成","2026-08-02","2026-08-02T15:44:17.6495541+09:00","実行可能性・資金Gate分析者","日本語化時に再構成。公式証拠で再確認が必要"
"GTE-P06-20260802-0001","CAN-EXP-REBUILT-128-JP153-IBSJ","EXP-REBUILT-128","CLU-EXP-REBUILT-128","VEH-JP153","JP153","EUREX","Interactive Brokers Securities Japan Inc.","暗号資産","再構成リスク群","PG-暗号資産","証拠不足","証拠不足","証拠不足","プラットフォーム確認済み・銘柄単位は未確認","証拠不足","証拠不足","証拠不足","証拠不足","証拠不足","証拠不足","証拠不足","証拠不足","証拠不足","証拠不足","","","","","N/ATR;現在価格;契約倍率;ティックサイズ;最小数量;当初証拠金;維持証拠金;手数料;スプレッド;データ費用;銘柄単位の日本居住者利用可否","EVD-P04-0001;EVD-P04-0002","不適格確定ではなく、重要数値と利用可否の証拠が不足しているため保留","P06-v0.1-日本語再構成","2026-08-02","2026-08-02T15:44:17.6495541+09:00","実行可能性・資金Gate分析者","日本語化時に再構成。公式証拠で再確認が必要"
"GTE-P06-20260802-0001","CAN-EXP-REBUILT-129-JP154-IBSJ","EXP-REBUILT-129","CLU-EXP-REBUILT-129","VEH-JP154","JP154","SGX","Interactive Brokers Securities Japan Inc.","ソフトコモディティ","再構成リスク群","PG-ソフトコモディティ","証拠不足","証拠不足","証拠不足","プラットフォーム確認済み・銘柄単位は未確認","証拠不足","証拠不足","証拠不足","証拠不足","証拠不足","証拠不足","証拠不足","証拠不足","証拠不足","証拠不足","","","","","N/ATR;現在価格;契約倍率;ティックサイズ;最小数量;当初証拠金;維持証拠金;手数料;スプレッド;データ費用;銘柄単位の日本居住者利用可否","EVD-P04-0001;EVD-P04-0002","不適格確定ではなく、重要数値と利用可否の証拠が不足しているため保留","P06-v0.1-日本語再構成","2026-08-02","2026-08-02T15:44:17.6495541+09:00","実行可能性・資金Gate分析者","日本語化時に再構成。公式証拠で再確認が必要"
