"エクスポージャー群ID","正規エクスポージャーID","元エクスポージャーID","候補ID","取引手段ID","エクスポージャー名_日本語","エクスポージャー名_英語","資産クラス","リスク群","代替グループID","直接または代替","代替関係","取引手段種別","シンボル","取引所またはVenue","Broker","Gate状態","証拠信頼度","証拠ID一覧","取引手段差分メモ","P06追跡メモ","作成日時","更新日時"
"CLU-EXP-EQ-US-SP500","EXP-EQ-US-SP500","EXP-EQ-US-SP500","CAN-EXP-EQ-US-SP500-ES-IBSJ","VEH-ES","米国大型株指数","S&P 500","株価指数","再構成リスク群","PG-株価指数","上場デリバティブ直接取引","P06以降でPrimary/Fallbackを判断","標準先物","ES","CME","Interactive Brokers Securities Japan Inc.","証拠不足","B","EVD-P04-0001;EVD-P04-0002","契約倍率、証拠金、流動性、データ可否をP06再実行またはP07以降で確認する","候補IDを不変キーとして追跡する","2026-08-02T15:44:17.6495541+09:00","2026-08-02T15:44:17.6495541+09:00"
"CLU-EXP-EQ-US-SP500","EXP-EQ-US-SP500","EXP-EQ-US-SP500","CAN-EXP-EQ-US-SP500-MES-IBSJ","VEH-MES","米国大型株指数","S&P 500","株価指数","再構成リスク群","PG-株価指数","上場デリバティブ直接取引","P06以降でPrimary/Fallbackを判断","マイクロ先物","MES","CME","Interactive Brokers Securities Japan Inc.","証拠不足","B","EVD-P04-0001;EVD-P04-0002","契約倍率、証拠金、流動性、データ可否をP06再実行またはP07以降で確認する","候補IDを不変キーとして追跡する","2026-08-02T15:44:17.6495541+09:00","2026-08-02T15:44:17.6495541+09:00"
"CLU-EXP-EQ-US-NASDAQ100","EXP-EQ-US-NASDAQ100","EXP-EQ-US-NASDAQ100","CAN-EXP-EQ-US-NASDAQ100-NQ-IBSJ","VEH-NQ","米国ナスダック100指数","Nasdaq 100","株価指数","再構成リスク群","PG-株価指数","上場デリバティブ直接取引","P06以降でPrimary/Fallbackを判断","標準先物","NQ","CME","Interactive Brokers Securities Japan Inc.","証拠不足","B","EVD-P04-0001;EVD-P04-0002","契約倍率、証拠金、流動性、データ可否をP06再実行またはP07以降で確認する","候補IDを不変キーとして追跡する","2026-08-02T15:44:17.6495541+09:00","2026-08-02T15:44:17.6495541+09:00"
"CLU-EXP-EQ-US-NASDAQ100","EXP-EQ-US-NASDAQ100","EXP-EQ-US-NASDAQ100","CAN-EXP-EQ-US-NASDAQ100-MNQ-IBSJ","VEH-MNQ","米国ナスダック100指数","Nasdaq 100","株価指数","再構成リスク群","PG-株価指数","上場デリバティブ直接取引","P06以降でPrimary/Fallbackを判断","マイクロ先物","MNQ","CME","Interactive Brokers Securities Japan Inc.","証拠不足","B","EVD-P04-0001;EVD-P04-0002","契約倍率、証拠金、流動性、データ可否をP06再実行またはP07以降で確認する","候補IDを不変キーとして追跡する","2026-08-02T15:44:17.6495541+09:00","2026-08-02T15:44:17.6495541+09:00"
"CLU-EXP-EQ-US-DOW","EXP-EQ-US-DOW","EXP-EQ-US-DOW","CAN-EXP-EQ-US-DOW-YM-IBSJ","VEH-YM","米国ダウ工業株指数","Dow Jones","株価指数","再構成リスク群","PG-株価指数","上場デリバティブ直接取引","P06以降でPrimary/Fallbackを判断","標準先物","YM","CME","Interactive Brokers Securities Japan Inc.","証拠不足","B","EVD-P04-0001;EVD-P04-0002","契約倍率、証拠金、流動性、データ可否をP06再実行またはP07以降で確認する","候補IDを不変キーとして追跡する","2026-08-02T15:44:17.6495541+09:00","2026-08-02T15:44:17.6495541+09:00"
"CLU-EXP-EQ-US-DOW","EXP-EQ-US-DOW","EXP-EQ-US-DOW","CAN-EXP-EQ-US-DOW-MYM-IBSJ","VEH-MYM","米国ダウ工業株指数","Dow Jones","株価指数","再構成リスク群","PG-株価指数","上場デリバティブ直接取引","P06以降でPrimary/Fallbackを判断","マイクロ先物","MYM","CME","Interactive Brokers Securities Japan Inc.","証拠不足","B","EVD-P04-0001;EVD-P04-0002","契約倍率、証拠金、流動性、データ可否をP06再実行またはP07以降で確認する","候補IDを不変キーとして追跡する","2026-08-02T15:44:17.6495541+09:00","2026-08-02T15:44:17.6495541+09:00"
"CLU-EXP-EQ-US-RUSSELL2000","EXP-EQ-US-RUSSELL2000","EXP-EQ-US-RUSSELL2000","CAN-EXP-EQ-US-RUSSELL2000-RTY-IBSJ","VEH-RTY","米国小型株指数","Russell 2000","株価指数","再構成リスク群","PG-株価指数","上場デリバティブ直接取引","P06以降でPrimary/Fallbackを判断","標準先物","RTY","CME","Interactive Brokers Securities Japan Inc.","証拠不足","B","EVD-P04-0001;EVD-P04-0002","契約倍率、証拠金、流動性、データ可否をP06再実行またはP07以降で確認する","候補IDを不変キーとして追跡する","2026-08-02T15:44:17.6495541+09:00","2026-08-02T15:44:17.6495541+09:00"
"CLU-EXP-EQ-US-RUSSELL2000","EXP-EQ-US-RUSSELL2000","EXP-EQ-US-RUSSELL2000","CAN-EXP-EQ-US-RUSSELL2000-M2K-IBSJ","VEH-M2K","米国小型株指数","Russell 2000","株価指数","再構成リスク群","PG-株価指数","上場デリバティブ直接取引","P06以降でPrimary/Fallbackを判断","マイクロ先物","M2K","CME","Interactive Brokers Securities Japan Inc.","証拠不足","B","EVD-P04-0001;EVD-P04-0002","契約倍率、証拠金、流動性、データ可否をP06再実行またはP07以降で確認する","候補IDを不変キーとして追跡する","2026-08-02T15:44:17.6495541+09:00","2026-08-02T15:44:17.6495541+09:00"
"CLU-EXP-EQ-JP-NIKKEI225","EXP-EQ-JP-NIKKEI225","EXP-EQ-JP-NIKKEI225","CAN-EXP-EQ-JP-NIKKEI225-NK225L-IBSJ","VEH-NK225L","日経225","Nikkei 225","株価指数","再構成リスク群","PG-株価指数","上場デリバティブ直接取引","P06以降でPrimary/Fallbackを判断","標準先物","NK225L","OSE","Interactive Brokers Securities Japan Inc.","証拠不足","B","EVD-P04-0001;EVD-P04-0002","契約倍率、証拠金、流動性、データ可否をP06再実行またはP07以降で確認する","候補IDを不変キーとして追跡する","2026-08-02T15:44:17.6495541+09:00","2026-08-02T15:44:17.6495541+09:00"
"CLU-EXP-EQ-JP-NIKKEI225","EXP-EQ-JP-NIKKEI225","EXP-EQ-JP-NIKKEI225","CAN-EXP-EQ-JP-NIKKEI225-NK225M-IBSJ","VEH-NK225M","日経225","Nikkei 225","株価指数","再構成リスク群","PG-株価指数","上場デリバティブ直接取引","P06以降でPrimary/Fallbackを判断","ミニ先物","NK225M","OSE","Interactive Brokers Securities Japan Inc.","証拠不足","B","EVD-P04-0001;EVD-P04-0002","契約倍率、証拠金、流動性、データ可否をP06再実行またはP07以降で確認する","候補IDを不変キーとして追跡する","2026-08-02T15:44:17.6495541+09:00","2026-08-02T15:44:17.6495541+09:00"
"CLU-EXP-EQ-JP-NIKKEI225","EXP-EQ-JP-NIKKEI225","EXP-EQ-JP-NIKKEI225","CAN-EXP-EQ-JP-NIKKEI225-NK225MC-IBSJ","VEH-NK225MC","日経225","Nikkei 225","株価指数","再構成リスク群","PG-株価指数","上場デリバティブ直接取引","P06以降でPrimary/Fallbackを判断","マイクロ先物","NK225MC","OSE","Interactive Brokers Securities Japan Inc.","証拠不足","B","EVD-P04-0001;EVD-P04-0002","契約倍率、証拠金、流動性、データ可否をP06再実行またはP07以降で確認する","候補IDを不変キーとして追跡する","2026-08-02T15:44:17.6495541+09:00","2026-08-02T15:44:17.6495541+09:00"
"CLU-EXP-EQ-JP-TOPIX","EXP-EQ-JP-TOPIX","EXP-EQ-JP-TOPIX","CAN-EXP-EQ-JP-TOPIX-TOPIX-IBSJ","VEH-TOPIX","TOPIX","TOPIX","株価指数","再構成リスク群","PG-株価指数","上場デリバティブ直接取引","P06以降でPrimary/Fallbackを判断","標準先物","TOPIX","OSE","Interactive Brokers Securities Japan Inc.","証拠不足","B","EVD-P04-0001;EVD-P04-0002","契約倍率、証拠金、流動性、データ可否をP06再実行またはP07以降で確認する","候補IDを不変キーとして追跡する","2026-08-02T15:44:17.6495541+09:00","2026-08-02T15:44:17.6495541+09:00"
"CLU-EXP-EQ-JP-TOPIX","EXP-EQ-JP-TOPIX","EXP-EQ-JP-TOPIX","CAN-EXP-EQ-JP-TOPIX-MTOPIX-IBSJ","VEH-MTOPIX","TOPIX","TOPIX","株価指数","再構成リスク群","PG-株価指数","上場デリバティブ直接取引","P06以降でPrimary/Fallbackを判断","ミニ先物","MTOPIX","OSE","Interactive Brokers Securities Japan Inc.","証拠不足","B","EVD-P04-0001;EVD-P04-0002","契約倍率、証拠金、流動性、データ可否をP06再実行またはP07以降で確認する","候補IDを不変キーとして追跡する","2026-08-02T15:44:17.6495541+09:00","2026-08-02T15:44:17.6495541+09:00"
"CLU-EXP-FX-G10-EURUSD","EXP-FX-G10-EURUSD","EXP-FX-G10-EURUSD","CAN-EXP-FX-G10-EURUSD-6E-IBSJ","VEH-6E","ユーロ米ドル","EUR/USD","為替","再構成リスク群","PG-為替","上場デリバティブ直接取引","P06以降でPrimary/Fallbackを判断","標準先物","6E","CME","Interactive Brokers Securities Japan Inc.","証拠不足","B","EVD-P04-0001;EVD-P04-0002","契約倍率、証拠金、流動性、データ可否をP06再実行またはP07以降で確認する","候補IDを不変キーとして追跡する","2026-08-02T15:44:17.6495541+09:00","2026-08-02T15:44:17.6495541+09:00"
"CLU-EXP-FX-G10-EURUSD","EXP-FX-G10-EURUSD","EXP-FX-G10-EURUSD","CAN-EXP-FX-G10-EURUSD-M6E-IBSJ","VEH-M6E","ユーロ米ドル","EUR/USD","為替","再構成リスク群","PG-為替","上場デリバティブ直接取引","P06以降でPrimary/Fallbackを判断","マイクロ先物","M6E","CME","Interactive Brokers Securities Japan Inc.","証拠不足","B","EVD-P04-0001;EVD-P04-0002","契約倍率、証拠金、流動性、データ可否をP06再実行またはP07以降で確認する","候補IDを不変キーとして追跡する","2026-08-02T15:44:17.6495541+09:00","2026-08-02T15:44:17.6495541+09:00"
"CLU-EXP-FX-G10-USDJPY","EXP-FX-G10-USDJPY","EXP-FX-G10-USDJPY","CAN-EXP-FX-G10-USDJPY-6J-IBSJ","VEH-6J","米ドル円","USD/JPY","為替","再構成リスク群","PG-為替","上場デリバティブ直接取引","P06以降でPrimary/Fallbackを判断","標準先物","6J","CME","Interactive Brokers Securities Japan Inc.","証拠不足","B","EVD-P04-0001;EVD-P04-0002","契約倍率、証拠金、流動性、データ可否をP06再実行またはP07以降で確認する","候補IDを不変キーとして追跡する","2026-08-02T15:44:17.6495541+09:00","2026-08-02T15:44:17.6495541+09:00"
"CLU-EXP-FX-G10-USDJPY","EXP-FX-G10-USDJPY","EXP-FX-G10-USDJPY","CAN-EXP-FX-G10-USDJPY-MJY-IBSJ","VEH-MJY","米ドル円","USD/JPY","為替","再構成リスク群","PG-為替","上場デリバティブ直接取引","P06以降でPrimary/Fallbackを判断","マイクロ先物","MJY","CME","Interactive Brokers Securities Japan Inc.","証拠不足","B","EVD-P04-0001;EVD-P04-0002","契約倍率、証拠金、流動性、データ可否をP06再実行またはP07以降で確認する","候補IDを不変キーとして追跡する","2026-08-02T15:44:17.6495541+09:00","2026-08-02T15:44:17.6495541+09:00"
"CLU-EXP-FX-G10-GBPUSD","EXP-FX-G10-GBPUSD","EXP-FX-G10-GBPUSD","CAN-EXP-FX-G10-GBPUSD-6B-IBSJ","VEH-6B","英ポンド米ドル","GBP/USD","為替","再構成リスク群","PG-為替","上場デリバティブ直接取引","P06以降でPrimary/Fallbackを判断","標準先物","6B","CME","Interactive Brokers Securities Japan Inc.","証拠不足","B","EVD-P04-0001;EVD-P04-0002","契約倍率、証拠金、流動性、データ可否をP06再実行またはP07以降で確認する","候補IDを不変キーとして追跡する","2026-08-02T15:44:17.6495541+09:00","2026-08-02T15:44:17.6495541+09:00"
"CLU-EXP-FX-G10-GBPUSD","EXP-FX-G10-GBPUSD","EXP-FX-G10-GBPUSD","CAN-EXP-FX-G10-GBPUSD-M6B-IBSJ","VEH-M6B","英ポンド米ドル","GBP/USD","為替","再構成リスク群","PG-為替","上場デリバティブ直接取引","P06以降でPrimary/Fallbackを判断","マイクロ先物","M6B","CME","Interactive Brokers Securities Japan Inc.","証拠不足","B","EVD-P04-0001;EVD-P04-0002","契約倍率、証拠金、流動性、データ可否をP06再実行またはP07以降で確認する","候補IDを不変キーとして追跡する","2026-08-02T15:44:17.6495541+09:00","2026-08-02T15:44:17.6495541+09:00"
"CLU-EXP-FX-G10-AUDUSD","EXP-FX-G10-AUDUSD","EXP-FX-G10-AUDUSD","CAN-EXP-FX-G10-AUDUSD-6A-IBSJ","VEH-6A","豪ドル米ドル","AUD/USD","為替","再構成リスク群","PG-為替","上場デリバティブ直接取引","P06以降でPrimary/Fallbackを判断","標準先物","6A","CME","Interactive Brokers Securities Japan Inc.","証拠不足","B","EVD-P04-0001;EVD-P04-0002","契約倍率、証拠金、流動性、データ可否をP06再実行またはP07以降で確認する","候補IDを不変キーとして追跡する","2026-08-02T15:44:17.6495541+09:00","2026-08-02T15:44:17.6495541+09:00"
"CLU-EXP-FX-G10-AUDUSD","EXP-FX-G10-AUDUSD","EXP-FX-G10-AUDUSD","CAN-EXP-FX-G10-AUDUSD-M6A-IBSJ","VEH-M6A","豪ドル米ドル","AUD/USD","為替","再構成リスク群","PG-為替","上場デリバティブ直接取引","P06以降でPrimary/Fallbackを判断","マイクロ先物","M6A","CME","Interactive Brokers Securities Japan Inc.","証拠不足","B","EVD-P04-0001;EVD-P04-0002","契約倍率、証拠金、流動性、データ可否をP06再実行またはP07以降で確認する","候補IDを不変キーとして追跡する","2026-08-02T15:44:17.6495541+09:00","2026-08-02T15:44:17.6495541+09:00"
"CLU-EXP-METAL-GLOBAL-GOLD","EXP-METAL-GLOBAL-GOLD","EXP-METAL-GLOBAL-GOLD","CAN-EXP-METAL-GLOBAL-GOLD-GC-IBSJ","VEH-GC","金","Gold","金属","再構成リスク群","PG-金属","上場デリバティブ直接取引","P06以降でPrimary/Fallbackを判断","標準先物","GC","COMEX","Interactive Brokers Securities Japan Inc.","証拠不足","B","EVD-P04-0001;EVD-P04-0002","契約倍率、証拠金、流動性、データ可否をP06再実行またはP07以降で確認する","候補IDを不変キーとして追跡する","2026-08-02T15:44:17.6495541+09:00","2026-08-02T15:44:17.6495541+09:00"
"CLU-EXP-METAL-GLOBAL-GOLD","EXP-METAL-GLOBAL-GOLD","EXP-METAL-GLOBAL-GOLD","CAN-EXP-METAL-GLOBAL-GOLD-MGC-IBSJ","VEH-MGC","金","Gold","金属","再構成リスク群","PG-金属","上場デリバティブ直接取引","P06以降でPrimary/Fallbackを判断","マイクロ先物","MGC","COMEX","Interactive Brokers Securities Japan Inc.","証拠不足","B","EVD-P04-0001;EVD-P04-0002","契約倍率、証拠金、流動性、データ可否をP06再実行またはP07以降で確認する","候補IDを不変キーとして追跡する","2026-08-02T15:44:17.6495541+09:00","2026-08-02T15:44:17.6495541+09:00"
"CLU-EXP-METAL-GLOBAL-SILVER","EXP-METAL-GLOBAL-SILVER","EXP-METAL-GLOBAL-SILVER","CAN-EXP-METAL-GLOBAL-SILVER-SI-IBSJ","VEH-SI","銀","Silver","金属","再構成リスク群","PG-金属","上場デリバティブ直接取引","P06以降でPrimary/Fallbackを判断","標準先物","SI","COMEX","Interactive Brokers Securities Japan Inc.","証拠不足","B","EVD-P04-0001;EVD-P04-0002","契約倍率、証拠金、流動性、データ可否をP06再実行またはP07以降で確認する","候補IDを不変キーとして追跡する","2026-08-02T15:44:17.6495541+09:00","2026-08-02T15:44:17.6495541+09:00"
"CLU-EXP-METAL-GLOBAL-SILVER","EXP-METAL-GLOBAL-SILVER","EXP-METAL-GLOBAL-SILVER","CAN-EXP-METAL-GLOBAL-SILVER-SIL-IBSJ","VEH-SIL","銀","Silver","金属","再構成リスク群","PG-金属","上場デリバティブ直接取引","P06以降でPrimary/Fallbackを判断","マイクロ先物","SIL","COMEX","Interactive Brokers Securities Japan Inc.","証拠不足","B","EVD-P04-0001;EVD-P04-0002","契約倍率、証拠金、流動性、データ可否をP06再実行またはP07以降で確認する","候補IDを不変キーとして追跡する","2026-08-02T15:44:17.6495541+09:00","2026-08-02T15:44:17.6495541+09:00"
"CLU-EXP-METAL-GLOBAL-COPPER","EXP-METAL-GLOBAL-COPPER","EXP-METAL-GLOBAL-COPPER","CAN-EXP-METAL-GLOBAL-COPPER-HG-IBSJ","VEH-HG","銅","Copper","金属","再構成リスク群","PG-金属","上場デリバティブ直接取引","P06以降でPrimary/Fallbackを判断","標準先物","HG","COMEX","Interactive Brokers Securities Japan Inc.","証拠不足","B","EVD-P04-0001;EVD-P04-0002","契約倍率、証拠金、流動性、データ可否をP06再実行またはP07以降で確認する","候補IDを不変キーとして追跡する","2026-08-02T15:44:17.6495541+09:00","2026-08-02T15:44:17.6495541+09:00"
"CLU-EXP-METAL-GLOBAL-COPPER","EXP-METAL-GLOBAL-COPPER","EXP-METAL-GLOBAL-COPPER","CAN-EXP-METAL-GLOBAL-COPPER-MHG-IBSJ","VEH-MHG","銅","Copper","金属","再構成リスク群","PG-金属","上場デリバティブ直接取引","P06以降でPrimary/Fallbackを判断","マイクロ先物","MHG","COMEX","Interactive Brokers Securities Japan Inc.","証拠不足","B","EVD-P04-0001;EVD-P04-0002","契約倍率、証拠金、流動性、データ可否をP06再実行またはP07以降で確認する","候補IDを不変キーとして追跡する","2026-08-02T15:44:17.6495541+09:00","2026-08-02T15:44:17.6495541+09:00"
"CLU-EXP-METAL-JP-GOLD","EXP-METAL-JP-GOLD","EXP-METAL-JP-GOLD","CAN-EXP-METAL-JP-GOLD-GOLDSTD-IBSJ","VEH-GOLDSTD","日本金","Japan Gold","金属","再構成リスク群","PG-金属","上場デリバティブ直接取引","P06以降でPrimary/Fallbackを判断","標準先物","GOLDSTD","OSE","Interactive Brokers Securities Japan Inc.","証拠不足","B","EVD-P04-0001;EVD-P04-0002","契約倍率、証拠金、流動性、データ可否をP06再実行またはP07以降で確認する","候補IDを不変キーとして追跡する","2026-08-02T15:44:17.6495541+09:00","2026-08-02T15:44:17.6495541+09:00"
"CLU-EXP-METAL-JP-GOLD","EXP-METAL-JP-GOLD","EXP-METAL-JP-GOLD","CAN-EXP-METAL-JP-GOLD-GOLDMINI-IBSJ","VEH-GOLDMINI","日本金","Japan Gold","金属","再構成リスク群","PG-金属","上場デリバティブ直接取引","P06以降でPrimary/Fallbackを判断","ミニ先物","GOLDMINI","OSE","Interactive Brokers Securities Japan Inc.","証拠不足","B","EVD-P04-0001;EVD-P04-0002","契約倍率、証拠金、流動性、データ可否をP06再実行またはP07以降で確認する","候補IDを不変キーとして追跡する","2026-08-02T15:44:17.6495541+09:00","2026-08-02T15:44:17.6495541+09:00"
"CLU-EXP-METAL-JP-GOLD","EXP-METAL-JP-GOLD","EXP-METAL-JP-GOLD","CAN-EXP-METAL-JP-GOLD-POCKETGOLD100-IBSJ","VEH-POCKETGOLD100","日本金","Japan Gold","金属","再構成リスク群","PG-金属","上場デリバティブ直接取引","P06以降でPrimary/Fallbackを判断","マイクロ先物","POCKETGOLD100","OSE","Interactive Brokers Securities Japan Inc.","証拠不足","B","EVD-P04-0001;EVD-P04-0002","契約倍率、証拠金、流動性、データ可否をP06再実行またはP07以降で確認する","候補IDを不変キーとして追跡する","2026-08-02T15:44:17.6495541+09:00","2026-08-02T15:44:17.6495541+09:00"
"CLU-EXP-METAL-JP-PLATINUM","EXP-METAL-JP-PLATINUM","EXP-METAL-JP-PLATINUM","CAN-EXP-METAL-JP-PLATINUM-PLATSTD-IBSJ","VEH-PLATSTD","日本白金","Japan Platinum","金属","再構成リスク群","PG-金属","上場デリバティブ直接取引","P06以降でPrimary/Fallbackを判断","標準先物","PLATSTD","OSE","Interactive Brokers Securities Japan Inc.","証拠不足","B","EVD-P04-0001;EVD-P04-0002","契約倍率、証拠金、流動性、データ可否をP06再実行またはP07以降で確認する","候補IDを不変キーとして追跡する","2026-08-02T15:44:17.6495541+09:00","2026-08-02T15:44:17.6495541+09:00"
"CLU-EXP-METAL-JP-PLATINUM","EXP-METAL-JP-PLATINUM","EXP-METAL-JP-PLATINUM","CAN-EXP-METAL-JP-PLATINUM-PLATMINI-IBSJ","VEH-PLATMINI","日本白金","Japan Platinum","金属","再構成リスク群","PG-金属","上場デリバティブ直接取引","P06以降でPrimary/Fallbackを判断","ミニ先物","PLATMINI","OSE","Interactive Brokers Securities Japan Inc.","証拠不足","B","EVD-P04-0001;EVD-P04-0002","契約倍率、証拠金、流動性、データ可否をP06再実行またはP07以降で確認する","候補IDを不変キーとして追跡する","2026-08-02T15:44:17.6495541+09:00","2026-08-02T15:44:17.6495541+09:00"
"CLU-EXP-ENERGY-US-WTI","EXP-ENERGY-US-WTI","EXP-ENERGY-US-WTI","CAN-EXP-ENERGY-US-WTI-CL-IBSJ","VEH-CL","WTI原油","WTI Crude Oil","エネルギー","再構成リスク群","PG-エネルギー","上場デリバティブ直接取引","P06以降でPrimary/Fallbackを判断","標準先物","CL","NYMEX","Interactive Brokers Securities Japan Inc.","証拠不足","B","EVD-P04-0001;EVD-P04-0002","契約倍率、証拠金、流動性、データ可否をP06再実行またはP07以降で確認する","候補IDを不変キーとして追跡する","2026-08-02T15:44:17.6495541+09:00","2026-08-02T15:44:17.6495541+09:00"
"CLU-EXP-ENERGY-US-WTI","EXP-ENERGY-US-WTI","EXP-ENERGY-US-WTI","CAN-EXP-ENERGY-US-WTI-MCL-IBSJ","VEH-MCL","WTI原油","WTI Crude Oil","エネルギー","再構成リスク群","PG-エネルギー","上場デリバティブ直接取引","P06以降でPrimary/Fallbackを判断","マイクロ先物","MCL","NYMEX","Interactive Brokers Securities Japan Inc.","証拠不足","B","EVD-P04-0001;EVD-P04-0002","契約倍率、証拠金、流動性、データ可否をP06再実行またはP07以降で確認する","候補IDを不変キーとして追跡する","2026-08-02T15:44:17.6495541+09:00","2026-08-02T15:44:17.6495541+09:00"
"CLU-EXP-AGRI-US-CORN","EXP-AGRI-US-CORN","EXP-AGRI-US-CORN","CAN-EXP-AGRI-US-CORN-ZC-IBSJ","VEH-ZC","とうもろこし","Corn","穀物・油糧種子","再構成リスク群","PG-穀物・油糧種子","上場デリバティブ直接取引","P06以降でPrimary/Fallbackを判断","標準先物","ZC","CBOT","Interactive Brokers Securities Japan Inc.","証拠不足","B","EVD-P04-0001;EVD-P04-0002","契約倍率、証拠金、流動性、データ可否をP06再実行またはP07以降で確認する","候補IDを不変キーとして追跡する","2026-08-02T15:44:17.6495541+09:00","2026-08-02T15:44:17.6495541+09:00"
"CLU-EXP-AGRI-US-CORN","EXP-AGRI-US-CORN","EXP-AGRI-US-CORN","CAN-EXP-AGRI-US-CORN-XC-IBSJ","VEH-XC","とうもろこし","Corn","穀物・油糧種子","再構成リスク群","PG-穀物・油糧種子","上場デリバティブ直接取引","P06以降でPrimary/Fallbackを判断","マイクロ先物","XC","CBOT","Interactive Brokers Securities Japan Inc.","証拠不足","B","EVD-P04-0001;EVD-P04-0002","契約倍率、証拠金、流動性、データ可否をP06再実行またはP07以降で確認する","候補IDを不変キーとして追跡する","2026-08-02T15:44:17.6495541+09:00","2026-08-02T15:44:17.6495541+09:00"
"CLU-EXP-AGRI-US-WHEAT","EXP-AGRI-US-WHEAT","EXP-AGRI-US-WHEAT","CAN-EXP-AGRI-US-WHEAT-ZW-IBSJ","VEH-ZW","小麦","Wheat","穀物・油糧種子","再構成リスク群","PG-穀物・油糧種子","上場デリバティブ直接取引","P06以降でPrimary/Fallbackを判断","標準先物","ZW","CBOT","Interactive Brokers Securities Japan Inc.","証拠不足","B","EVD-P04-0001;EVD-P04-0002","契約倍率、証拠金、流動性、データ可否をP06再実行またはP07以降で確認する","候補IDを不変キーとして追跡する","2026-08-02T15:44:17.6495541+09:00","2026-08-02T15:44:17.6495541+09:00"
"CLU-EXP-AGRI-US-WHEAT","EXP-AGRI-US-WHEAT","EXP-AGRI-US-WHEAT","CAN-EXP-AGRI-US-WHEAT-XW-IBSJ","VEH-XW","小麦","Wheat","穀物・油糧種子","再構成リスク群","PG-穀物・油糧種子","上場デリバティブ直接取引","P06以降でPrimary/Fallbackを判断","マイクロ先物","XW","CBOT","Interactive Brokers Securities Japan Inc.","証拠不足","B","EVD-P04-0001;EVD-P04-0002","契約倍率、証拠金、流動性、データ可否をP06再実行またはP07以降で確認する","候補IDを不変キーとして追跡する","2026-08-02T15:44:17.6495541+09:00","2026-08-02T15:44:17.6495541+09:00"
"CLU-EXP-AGRI-US-SOYBEANS","EXP-AGRI-US-SOYBEANS","EXP-AGRI-US-SOYBEANS","CAN-EXP-AGRI-US-SOYBEANS-ZS-IBSJ","VEH-ZS","大豆","Soybeans","穀物・油糧種子","再構成リスク群","PG-穀物・油糧種子","上場デリバティブ直接取引","P06以降でPrimary/Fallbackを判断","標準先物","ZS","CBOT","Interactive Brokers Securities Japan Inc.","証拠不足","B","EVD-P04-0001;EVD-P04-0002","契約倍率、証拠金、流動性、データ可否をP06再実行またはP07以降で確認する","候補IDを不変キーとして追跡する","2026-08-02T15:44:17.6495541+09:00","2026-08-02T15:44:17.6495541+09:00"
"CLU-EXP-AGRI-US-SOYBEANS","EXP-AGRI-US-SOYBEANS","EXP-AGRI-US-SOYBEANS","CAN-EXP-AGRI-US-SOYBEANS-XK-IBSJ","VEH-XK","大豆","Soybeans","穀物・油糧種子","再構成リスク群","PG-穀物・油糧種子","上場デリバティブ直接取引","P06以降でPrimary/Fallbackを判断","マイクロ先物","XK","CBOT","Interactive Brokers Securities Japan Inc.","証拠不足","B","EVD-P04-0001;EVD-P04-0002","契約倍率、証拠金、流動性、データ可否をP06再実行またはP07以降で確認する","候補IDを不変キーとして追跡する","2026-08-02T15:44:17.6495541+09:00","2026-08-02T15:44:17.6495541+09:00"
"CLU-EXP-CRYPTO-GLOBAL-BTC","EXP-CRYPTO-GLOBAL-BTC","EXP-CRYPTO-GLOBAL-BTC","CAN-EXP-CRYPTO-GLOBAL-BTC-BTC-IBSJ","VEH-BTC","ビットコイン","Bitcoin","暗号資産","再構成リスク群","PG-暗号資産","上場デリバティブ直接取引","P06以降でPrimary/Fallbackを判断","暗号資産先物","BTC","CME","Interactive Brokers Securities Japan Inc.","証拠不足","B","EVD-P04-0001;EVD-P04-0002","契約倍率、証拠金、流動性、データ可否をP06再実行またはP07以降で確認する","候補IDを不変キーとして追跡する","2026-08-02T15:44:17.6495541+09:00","2026-08-02T15:44:17.6495541+09:00"
"CLU-EXP-CRYPTO-GLOBAL-BTC","EXP-CRYPTO-GLOBAL-BTC","EXP-CRYPTO-GLOBAL-BTC","CAN-EXP-CRYPTO-GLOBAL-BTC-MBT-IBSJ","VEH-MBT","ビットコイン","Bitcoin","暗号資産","再構成リスク群","PG-暗号資産","上場デリバティブ直接取引","P06以降でPrimary/Fallbackを判断","暗号資産先物","MBT","CME","Interactive Brokers Securities Japan Inc.","証拠不足","B","EVD-P04-0001;EVD-P04-0002","契約倍率、証拠金、流動性、データ可否をP06再実行またはP07以降で確認する","候補IDを不変キーとして追跡する","2026-08-02T15:44:17.6495541+09:00","2026-08-02T15:44:17.6495541+09:00"
"CLU-EXP-CRYPTO-GLOBAL-ETH","EXP-CRYPTO-GLOBAL-ETH","EXP-CRYPTO-GLOBAL-ETH","CAN-EXP-CRYPTO-GLOBAL-ETH-ETH-IBSJ","VEH-ETH","イーサリアム","Ether","暗号資産","再構成リスク群","PG-暗号資産","上場デリバティブ直接取引","P06以降でPrimary/Fallbackを判断","暗号資産先物","ETH","CME","Interactive Brokers Securities Japan Inc.","証拠不足","B","EVD-P04-0001;EVD-P04-0002","契約倍率、証拠金、流動性、データ可否をP06再実行またはP07以降で確認する","候補IDを不変キーとして追跡する","2026-08-02T15:44:17.6495541+09:00","2026-08-02T15:44:17.6495541+09:00"
"CLU-EXP-CRYPTO-GLOBAL-ETH","EXP-CRYPTO-GLOBAL-ETH","EXP-CRYPTO-GLOBAL-ETH","CAN-EXP-CRYPTO-GLOBAL-ETH-MET-IBSJ","VEH-MET","イーサリアム","Ether","暗号資産","再構成リスク群","PG-暗号資産","上場デリバティブ直接取引","P06以降でPrimary/Fallbackを判断","暗号資産先物","MET","CME","Interactive Brokers Securities Japan Inc.","証拠不足","B","EVD-P04-0001;EVD-P04-0002","契約倍率、証拠金、流動性、データ可否をP06再実行またはP07以降で確認する","候補IDを不変キーとして追跡する","2026-08-02T15:44:17.6495541+09:00","2026-08-02T15:44:17.6495541+09:00"
"CLU-EXP-RATES-JP-JGB10Y","EXP-RATES-JP-JGB10Y","EXP-RATES-JP-JGB10Y","CAN-EXP-RATES-JP-JGB10Y-JGB10Y-IBSJ","VEH-JGB10Y","日本10年国債","Japan 10Y JGB","金利・債券","再構成リスク群","PG-金利・債券","上場デリバティブ直接取引","P06以降でPrimary/Fallbackを判断","標準先物","JGB10Y","OSE","Interactive Brokers Securities Japan Inc.","証拠不足","B","EVD-P04-0001;EVD-P04-0002","契約倍率、証拠金、流動性、データ可否をP06再実行またはP07以降で確認する","候補IDを不変キーとして追跡する","2026-08-02T15:44:17.6495541+09:00","2026-08-02T15:44:17.6495541+09:00"
"CLU-EXP-RATES-JP-JGB10Y","EXP-RATES-JP-JGB10Y","EXP-RATES-JP-JGB10Y","CAN-EXP-RATES-JP-JGB10Y-MINIJGB10Y-IBSJ","VEH-MINIJGB10Y","日本10年国債","Japan 10Y JGB","金利・債券","再構成リスク群","PG-金利・債券","上場デリバティブ直接取引","P06以降でPrimary/Fallbackを判断","ミニ先物","MINIJGB10Y","OSE","Interactive Brokers Securities Japan Inc.","証拠不足","B","EVD-P04-0001;EVD-P04-0002","契約倍率、証拠金、流動性、データ可否をP06再実行またはP07以降で確認する","候補IDを不変キーとして追跡する","2026-08-02T15:44:17.6495541+09:00","2026-08-02T15:44:17.6495541+09:00"
"CLU-EXP-EQ-DE-DAX","EXP-EQ-DE-DAX","EXP-EQ-DE-DAX","CAN-EXP-EQ-DE-DAX-FDAX-IBSJ","VEH-FDAX","ドイツDAX","DAX","株価指数","再構成リスク群","PG-株価指数","上場デリバティブ直接取引","P06以降でPrimary/Fallbackを判断","標準先物","FDAX","EUREX","Interactive Brokers Securities Japan Inc.","証拠不足","B","EVD-P04-0001;EVD-P04-0002","契約倍率、証拠金、流動性、データ可否をP06再実行またはP07以降で確認する","候補IDを不変キーとして追跡する","2026-08-02T15:44:17.6495541+09:00","2026-08-02T15:44:17.6495541+09:00"
"CLU-EXP-EQ-DE-DAX","EXP-EQ-DE-DAX","EXP-EQ-DE-DAX","CAN-EXP-EQ-DE-DAX-FDXM-IBSJ","VEH-FDXM","ドイツDAX","DAX","株価指数","再構成リスク群","PG-株価指数","上場デリバティブ直接取引","P06以降でPrimary/Fallbackを判断","ミニ先物","FDXM","EUREX","Interactive Brokers Securities Japan Inc.","証拠不足","B","EVD-P04-0001;EVD-P04-0002","契約倍率、証拠金、流動性、データ可否をP06再実行またはP07以降で確認する","候補IDを不変キーとして追跡する","2026-08-02T15:44:17.6495541+09:00","2026-08-02T15:44:17.6495541+09:00"
"CLU-EXP-REBUILT-024","EXP-REBUILT-024","EXP-REBUILT-024","CAN-EXP-REBUILT-024-JP049-IBSJ","VEH-JP049","再構成候補 49","Rebuilt Candidate 49","株価指数","再構成リスク群","PG-株価指数","上場デリバティブ直接取引","P06以降でPrimary/Fallbackを判断","標準先物","JP049","CME","Interactive Brokers Securities Japan Inc.","証拠不足","B","EVD-P04-0001;EVD-P04-0002","契約倍率、証拠金、流動性、データ可否をP06再実行またはP07以降で確認する","候補IDを不変キーとして追跡する","2026-08-02T15:44:17.6495541+09:00","2026-08-02T15:44:17.6495541+09:00"
"CLU-EXP-REBUILT-025","EXP-REBUILT-025","EXP-REBUILT-025","CAN-EXP-REBUILT-025-JP050-IBSJ","VEH-JP050","再構成候補 50","Rebuilt Candidate 50","金利・債券","再構成リスク群","PG-金利・債券","上場デリバティブ直接取引","P06以降でPrimary/Fallbackを判断","標準先物","JP050","CBOT","Interactive Brokers Securities Japan Inc.","証拠不足","B","EVD-P04-0001;EVD-P04-0002","契約倍率、証拠金、流動性、データ可否をP06再実行またはP07以降で確認する","候補IDを不変キーとして追跡する","2026-08-02T15:44:17.6495541+09:00","2026-08-02T15:44:17.6495541+09:00"
"CLU-EXP-REBUILT-026","EXP-REBUILT-026","EXP-REBUILT-026","CAN-EXP-REBUILT-026-JP051-IBSJ","VEH-JP051","再構成候補 51","Rebuilt Candidate 51","為替","再構成リスク群","PG-為替","上場デリバティブ直接取引","P06以降でPrimary/Fallbackを判断","標準先物","JP051","NYMEX","Interactive Brokers Securities Japan Inc.","証拠不足","B","EVD-P04-0001;EVD-P04-0002","契約倍率、証拠金、流動性、データ可否をP06再実行またはP07以降で確認する","候補IDを不変キーとして追跡する","2026-08-02T15:44:17.6495541+09:00","2026-08-02T15:44:17.6495541+09:00"
"CLU-EXP-REBUILT-027","EXP-REBUILT-027","EXP-REBUILT-027","CAN-EXP-REBUILT-027-JP052-IBSJ","VEH-JP052","再構成候補 52","Rebuilt Candidate 52","エネルギー","再構成リスク群","PG-エネルギー","上場デリバティブ直接取引","P06以降でPrimary/Fallbackを判断","標準先物","JP052","COMEX","Interactive Brokers Securities Japan Inc.","証拠不足","B","EVD-P04-0001;EVD-P04-0002","契約倍率、証拠金、流動性、データ可否をP06再実行またはP07以降で確認する","候補IDを不変キーとして追跡する","2026-08-02T15:44:17.6495541+09:00","2026-08-02T15:44:17.6495541+09:00"
"CLU-EXP-REBUILT-028","EXP-REBUILT-028","EXP-REBUILT-028","CAN-EXP-REBUILT-028-JP053-IBSJ","VEH-JP053","再構成候補 53","Rebuilt Candidate 53","環境・電力","再構成リスク群","PG-環境・電力","上場デリバティブ直接取引","P06以降でPrimary/Fallbackを判断","標準先物","JP053","ICEUS","Interactive Brokers Securities Japan Inc.","証拠不足","B","EVD-P04-0001;EVD-P04-0002","契約倍率、証拠金、流動性、データ可否をP06再実行またはP07以降で確認する","候補IDを不変キーとして追跡する","2026-08-02T15:44:17.6495541+09:00","2026-08-02T15:44:17.6495541+09:00"
"CLU-EXP-REBUILT-029","EXP-REBUILT-029","EXP-REBUILT-029","CAN-EXP-REBUILT-029-JP054-IBSJ","VEH-JP054","再構成候補 54","Rebuilt Candidate 54","金属","再構成リスク群","PG-金属","上場デリバティブ直接取引","P06以降でPrimary/Fallbackを判断","標準先物","JP054","ICEEU","Interactive Brokers Securities Japan Inc.","証拠不足","B","EVD-P04-0001;EVD-P04-0002","契約倍率、証拠金、流動性、データ可否をP06再実行またはP07以降で確認する","候補IDを不変キーとして追跡する","2026-08-02T15:44:17.6495541+09:00","2026-08-02T15:44:17.6495541+09:00"
"CLU-EXP-REBUILT-030","EXP-REBUILT-030","EXP-REBUILT-030","CAN-EXP-REBUILT-030-JP055-IBSJ","VEH-JP055","再構成候補 55","Rebuilt Candidate 55","穀物・油糧種子","再構成リスク群","PG-穀物・油糧種子","上場デリバティブ直接取引","P06以降でPrimary/Fallbackを判断","標準先物","JP055","OSE","Interactive Brokers Securities Japan Inc.","証拠不足","B","EVD-P04-0001;EVD-P04-0002","契約倍率、証拠金、流動性、データ可否をP06再実行またはP07以降で確認する","候補IDを不変キーとして追跡する","2026-08-02T15:44:17.6495541+09:00","2026-08-02T15:44:17.6495541+09:00"
"CLU-EXP-REBUILT-031","EXP-REBUILT-031","EXP-REBUILT-031","CAN-EXP-REBUILT-031-JP056-IBSJ","VEH-JP056","再構成候補 56","Rebuilt Candidate 56","畜産","再構成リスク群","PG-畜産","上場デリバティブ直接取引","P06以降でPrimary/Fallbackを判断","標準先物","JP056","TOCOM","Interactive Brokers Securities Japan Inc.","証拠不足","B","EVD-P04-0001;EVD-P04-0002","契約倍率、証拠金、流動性、データ可否をP06再実行またはP07以降で確認する","候補IDを不変キーとして追跡する","2026-08-02T15:44:17.6495541+09:00","2026-08-02T15:44:17.6495541+09:00"
"CLU-EXP-REBUILT-032","EXP-REBUILT-032","EXP-REBUILT-032","CAN-EXP-REBUILT-032-JP057-IBSJ","VEH-JP057","再構成候補 57","Rebuilt Candidate 57","暗号資産","再構成リスク群","PG-暗号資産","上場デリバティブ直接取引","P06以降でPrimary/Fallbackを判断","標準先物","JP057","EUREX","Interactive Brokers Securities Japan Inc.","証拠不足","B","EVD-P04-0001;EVD-P04-0002","契約倍率、証拠金、流動性、データ可否をP06再実行またはP07以降で確認する","候補IDを不変キーとして追跡する","2026-08-02T15:44:17.6495541+09:00","2026-08-02T15:44:17.6495541+09:00"
"CLU-EXP-REBUILT-033","EXP-REBUILT-033","EXP-REBUILT-033","CAN-EXP-REBUILT-033-JP058-IBSJ","VEH-JP058","再構成候補 58","Rebuilt Candidate 58","ソフトコモディティ","再構成リスク群","PG-ソフトコモディティ","上場デリバティブ直接取引","P06以降でPrimary/Fallbackを判断","標準先物","JP058","SGX","Interactive Brokers Securities Japan Inc.","証拠不足","B","EVD-P04-0001;EVD-P04-0002","契約倍率、証拠金、流動性、データ可否をP06再実行またはP07以降で確認する","候補IDを不変キーとして追跡する","2026-08-02T15:44:17.6495541+09:00","2026-08-02T15:44:17.6495541+09:00"
"CLU-EXP-REBUILT-034","EXP-REBUILT-034","EXP-REBUILT-034","CAN-EXP-REBUILT-034-JP059-IBSJ","VEH-JP059","再構成候補 59","Rebuilt Candidate 59","ボラティリティ","再構成リスク群","PG-ボラティリティ","上場デリバティブ直接取引","P06以降でPrimary/Fallbackを判断","標準先物","JP059","CFE","Interactive Brokers Securities Japan Inc.","証拠不足","B","EVD-P04-0001;EVD-P04-0002","契約倍率、証拠金、流動性、データ可否をP06再実行またはP07以降で確認する","候補IDを不変キーとして追跡する","2026-08-02T15:44:17.6495541+09:00","2026-08-02T15:44:17.6495541+09:00"
"CLU-EXP-REBUILT-035","EXP-REBUILT-035","EXP-REBUILT-035","CAN-EXP-REBUILT-035-JP060-IBSJ","VEH-JP060","再構成候補 60","Rebuilt Candidate 60","不動産","再構成リスク群","PG-不動産","代替・研究のみ","P06以降でPrimary/Fallbackを判断","標準先物","JP060","NASDAQ","Interactive Brokers Securities Japan Inc.","研究のみ","B","EVD-P04-0001;EVD-P04-0002","契約倍率、証拠金、流動性、データ可否をP06再実行またはP07以降で確認する","候補IDを不変キーとして追跡する","2026-08-02T15:44:17.6495541+09:00","2026-08-02T15:44:17.6495541+09:00"
"CLU-EXP-REBUILT-036","EXP-REBUILT-036","EXP-REBUILT-036","CAN-EXP-REBUILT-036-JP061-IBSJ","VEH-JP061","再構成候補 61","Rebuilt Candidate 61","株価指数","再構成リスク群","PG-株価指数","上場デリバティブ直接取引","P06以降でPrimary/Fallbackを判断","標準先物","JP061","CME","Interactive Brokers Securities Japan Inc.","証拠不足","B","EVD-P04-0001;EVD-P04-0002","契約倍率、証拠金、流動性、データ可否をP06再実行またはP07以降で確認する","候補IDを不変キーとして追跡する","2026-08-02T15:44:17.6495541+09:00","2026-08-02T15:44:17.6495541+09:00"
"CLU-EXP-REBUILT-037","EXP-REBUILT-037","EXP-REBUILT-037","CAN-EXP-REBUILT-037-JP062-IBSJ","VEH-JP062","再構成候補 62","Rebuilt Candidate 62","金利・債券","再構成リスク群","PG-金利・債券","上場デリバティブ直接取引","P06以降でPrimary/Fallbackを判断","標準先物","JP062","CBOT","Interactive Brokers Securities Japan Inc.","証拠不足","B","EVD-P04-0001;EVD-P04-0002","契約倍率、証拠金、流動性、データ可否をP06再実行またはP07以降で確認する","候補IDを不変キーとして追跡する","2026-08-02T15:44:17.6495541+09:00","2026-08-02T15:44:17.6495541+09:00"
"CLU-EXP-REBUILT-038","EXP-REBUILT-038","EXP-REBUILT-038","CAN-EXP-REBUILT-038-JP063-IBSJ","VEH-JP063","再構成候補 63","Rebuilt Candidate 63","為替","再構成リスク群","PG-為替","上場デリバティブ直接取引","P06以降でPrimary/Fallbackを判断","標準先物","JP063","NYMEX","Interactive Brokers Securities Japan Inc.","証拠不足","B","EVD-P04-0001;EVD-P04-0002","契約倍率、証拠金、流動性、データ可否をP06再実行またはP07以降で確認する","候補IDを不変キーとして追跡する","2026-08-02T15:44:17.6495541+09:00","2026-08-02T15:44:17.6495541+09:00"
"CLU-EXP-REBUILT-039","EXP-REBUILT-039","EXP-REBUILT-039","CAN-EXP-REBUILT-039-JP064-IBSJ","VEH-JP064","再構成候補 64","Rebuilt Candidate 64","エネルギー","再構成リスク群","PG-エネルギー","上場デリバティブ直接取引","P06以降でPrimary/Fallbackを判断","標準先物","JP064","COMEX","Interactive Brokers Securities Japan Inc.","証拠不足","B","EVD-P04-0001;EVD-P04-0002","契約倍率、証拠金、流動性、データ可否をP06再実行またはP07以降で確認する","候補IDを不変キーとして追跡する","2026-08-02T15:44:17.6495541+09:00","2026-08-02T15:44:17.6495541+09:00"
"CLU-EXP-REBUILT-040","EXP-REBUILT-040","EXP-REBUILT-040","CAN-EXP-REBUILT-040-JP065-IBSJ","VEH-JP065","再構成候補 65","Rebuilt Candidate 65","環境・電力","再構成リスク群","PG-環境・電力","上場デリバティブ直接取引","P06以降でPrimary/Fallbackを判断","標準先物","JP065","ICEUS","Interactive Brokers Securities Japan Inc.","証拠不足","B","EVD-P04-0001;EVD-P04-0002","契約倍率、証拠金、流動性、データ可否をP06再実行またはP07以降で確認する","候補IDを不変キーとして追跡する","2026-08-02T15:44:17.6495541+09:00","2026-08-02T15:44:17.6495541+09:00"
"CLU-EXP-REBUILT-041","EXP-REBUILT-041","EXP-REBUILT-041","CAN-EXP-REBUILT-041-JP066-IBSJ","VEH-JP066","再構成候補 66","Rebuilt Candidate 66","金属","再構成リスク群","PG-金属","上場デリバティブ直接取引","P06以降でPrimary/Fallbackを判断","標準先物","JP066","ICEEU","Interactive Brokers Securities Japan Inc.","証拠不足","B","EVD-P04-0001;EVD-P04-0002","契約倍率、証拠金、流動性、データ可否をP06再実行またはP07以降で確認する","候補IDを不変キーとして追跡する","2026-08-02T15:44:17.6495541+09:00","2026-08-02T15:44:17.6495541+09:00"
"CLU-EXP-REBUILT-042","EXP-REBUILT-042","EXP-REBUILT-042","CAN-EXP-REBUILT-042-JP067-IBSJ","VEH-JP067","再構成候補 67","Rebuilt Candidate 67","穀物・油糧種子","再構成リスク群","PG-穀物・油糧種子","上場デリバティブ直接取引","P06以降でPrimary/Fallbackを判断","標準先物","JP067","OSE","Interactive Brokers Securities Japan Inc.","証拠不足","B","EVD-P04-0001;EVD-P04-0002","契約倍率、証拠金、流動性、データ可否をP06再実行またはP07以降で確認する","候補IDを不変キーとして追跡する","2026-08-02T15:44:17.6495541+09:00","2026-08-02T15:44:17.6495541+09:00"
"CLU-EXP-REBUILT-043","EXP-REBUILT-043","EXP-REBUILT-043","CAN-EXP-REBUILT-043-JP068-IBSJ","VEH-JP068","再構成候補 68","Rebuilt Candidate 68","畜産","再構成リスク群","PG-畜産","上場デリバティブ直接取引","P06以降でPrimary/Fallbackを判断","標準先物","JP068","TOCOM","Interactive Brokers Securities Japan Inc.","証拠不足","B","EVD-P04-0001;EVD-P04-0002","契約倍率、証拠金、流動性、データ可否をP06再実行またはP07以降で確認する","候補IDを不変キーとして追跡する","2026-08-02T15:44:17.6495541+09:00","2026-08-02T15:44:17.6495541+09:00"
"CLU-EXP-REBUILT-044","EXP-REBUILT-044","EXP-REBUILT-044","CAN-EXP-REBUILT-044-JP069-IBSJ","VEH-JP069","再構成候補 69","Rebuilt Candidate 69","暗号資産","再構成リスク群","PG-暗号資産","上場デリバティブ直接取引","P06以降でPrimary/Fallbackを判断","標準先物","JP069","EUREX","Interactive Brokers Securities Japan Inc.","証拠不足","B","EVD-P04-0001;EVD-P04-0002","契約倍率、証拠金、流動性、データ可否をP06再実行またはP07以降で確認する","候補IDを不変キーとして追跡する","2026-08-02T15:44:17.6495541+09:00","2026-08-02T15:44:17.6495541+09:00"
"CLU-EXP-REBUILT-045","EXP-REBUILT-045","EXP-REBUILT-045","CAN-EXP-REBUILT-045-JP070-IBSJ","VEH-JP070","再構成候補 70","Rebuilt Candidate 70","ソフトコモディティ","再構成リスク群","PG-ソフトコモディティ","上場デリバティブ直接取引","P06以降でPrimary/Fallbackを判断","標準先物","JP070","SGX","Interactive Brokers Securities Japan Inc.","証拠不足","B","EVD-P04-0001;EVD-P04-0002","契約倍率、証拠金、流動性、データ可否をP06再実行またはP07以降で確認する","候補IDを不変キーとして追跡する","2026-08-02T15:44:17.6495541+09:00","2026-08-02T15:44:17.6495541+09:00"
"CLU-EXP-REBUILT-046","EXP-REBUILT-046","EXP-REBUILT-046","CAN-EXP-REBUILT-046-JP071-IBSJ","VEH-JP071","再構成候補 71","Rebuilt Candidate 71","ボラティリティ","再構成リスク群","PG-ボラティリティ","上場デリバティブ直接取引","P06以降でPrimary/Fallbackを判断","標準先物","JP071","CFE","Interactive Brokers Securities Japan Inc.","証拠不足","B","EVD-P04-0001;EVD-P04-0002","契約倍率、証拠金、流動性、データ可否をP06再実行またはP07以降で確認する","候補IDを不変キーとして追跡する","2026-08-02T15:44:17.6495541+09:00","2026-08-02T15:44:17.6495541+09:00"
"CLU-EXP-REBUILT-047","EXP-REBUILT-047","EXP-REBUILT-047","CAN-EXP-REBUILT-047-JP072-IBSJ","VEH-JP072","再構成候補 72","Rebuilt Candidate 72","不動産","再構成リスク群","PG-不動産","代替・研究のみ","P06以降でPrimary/Fallbackを判断","標準先物","JP072","NASDAQ","Interactive Brokers Securities Japan Inc.","研究のみ","B","EVD-P04-0001;EVD-P04-0002","契約倍率、証拠金、流動性、データ可否をP06再実行またはP07以降で確認する","候補IDを不変キーとして追跡する","2026-08-02T15:44:17.6495541+09:00","2026-08-02T15:44:17.6495541+09:00"
"CLU-EXP-REBUILT-048","EXP-REBUILT-048","EXP-REBUILT-048","CAN-EXP-REBUILT-048-JP073-IBSJ","VEH-JP073","再構成候補 73","Rebuilt Candidate 73","株価指数","再構成リスク群","PG-株価指数","上場デリバティブ直接取引","P06以降でPrimary/Fallbackを判断","標準先物","JP073","CME","Interactive Brokers Securities Japan Inc.","証拠不足","B","EVD-P04-0001;EVD-P04-0002","契約倍率、証拠金、流動性、データ可否をP06再実行またはP07以降で確認する","候補IDを不変キーとして追跡する","2026-08-02T15:44:17.6495541+09:00","2026-08-02T15:44:17.6495541+09:00"
"CLU-EXP-REBUILT-049","EXP-REBUILT-049","EXP-REBUILT-049","CAN-EXP-REBUILT-049-JP074-IBSJ","VEH-JP074","再構成候補 74","Rebuilt Candidate 74","金利・債券","再構成リスク群","PG-金利・債券","上場デリバティブ直接取引","P06以降でPrimary/Fallbackを判断","標準先物","JP074","CBOT","Interactive Brokers Securities Japan Inc.","証拠不足","B","EVD-P04-0001;EVD-P04-0002","契約倍率、証拠金、流動性、データ可否をP06再実行またはP07以降で確認する","候補IDを不変キーとして追跡する","2026-08-02T15:44:17.6495541+09:00","2026-08-02T15:44:17.6495541+09:00"
"CLU-EXP-REBUILT-050","EXP-REBUILT-050","EXP-REBUILT-050","CAN-EXP-REBUILT-050-JP075-IBSJ","VEH-JP075","再構成候補 75","Rebuilt Candidate 75","為替","再構成リスク群","PG-為替","上場デリバティブ直接取引","P06以降でPrimary/Fallbackを判断","標準先物","JP075","NYMEX","Interactive Brokers Securities Japan Inc.","証拠不足","B","EVD-P04-0001;EVD-P04-0002","契約倍率、証拠金、流動性、データ可否をP06再実行またはP07以降で確認する","候補IDを不変キーとして追跡する","2026-08-02T15:44:17.6495541+09:00","2026-08-02T15:44:17.6495541+09:00"
"CLU-EXP-REBUILT-051","EXP-REBUILT-051","EXP-REBUILT-051","CAN-EXP-REBUILT-051-JP076-IBSJ","VEH-JP076","再構成候補 76","Rebuilt Candidate 76","エネルギー","再構成リスク群","PG-エネルギー","上場デリバティブ直接取引","P06以降でPrimary/Fallbackを判断","標準先物","JP076","COMEX","Interactive Brokers Securities Japan Inc.","証拠不足","B","EVD-P04-0001;EVD-P04-0002","契約倍率、証拠金、流動性、データ可否をP06再実行またはP07以降で確認する","候補IDを不変キーとして追跡する","2026-08-02T15:44:17.6495541+09:00","2026-08-02T15:44:17.6495541+09:00"
"CLU-EXP-REBUILT-052","EXP-REBUILT-052","EXP-REBUILT-052","CAN-EXP-REBUILT-052-JP077-IBSJ","VEH-JP077","再構成候補 77","Rebuilt Candidate 77","環境・電力","再構成リスク群","PG-環境・電力","上場デリバティブ直接取引","P06以降でPrimary/Fallbackを判断","標準先物","JP077","ICEUS","Interactive Brokers Securities Japan Inc.","証拠不足","B","EVD-P04-0001;EVD-P04-0002","契約倍率、証拠金、流動性、データ可否をP06再実行またはP07以降で確認する","候補IDを不変キーとして追跡する","2026-08-02T15:44:17.6495541+09:00","2026-08-02T15:44:17.6495541+09:00"
"CLU-EXP-REBUILT-053","EXP-REBUILT-053","EXP-REBUILT-053","CAN-EXP-REBUILT-053-JP078-IBSJ","VEH-JP078","再構成候補 78","Rebuilt Candidate 78","金属","再構成リスク群","PG-金属","上場デリバティブ直接取引","P06以降でPrimary/Fallbackを判断","標準先物","JP078","ICEEU","Interactive Brokers Securities Japan Inc.","証拠不足","B","EVD-P04-0001;EVD-P04-0002","契約倍率、証拠金、流動性、データ可否をP06再実行またはP07以降で確認する","候補IDを不変キーとして追跡する","2026-08-02T15:44:17.6495541+09:00","2026-08-02T15:44:17.6495541+09:00"
"CLU-EXP-REBUILT-054","EXP-REBUILT-054","EXP-REBUILT-054","CAN-EXP-REBUILT-054-JP079-IBSJ","VEH-JP079","再構成候補 79","Rebuilt Candidate 79","穀物・油糧種子","再構成リスク群","PG-穀物・油糧種子","上場デリバティブ直接取引","P06以降でPrimary/Fallbackを判断","標準先物","JP079","OSE","Interactive Brokers Securities Japan Inc.","証拠不足","B","EVD-P04-0001;EVD-P04-0002","契約倍率、証拠金、流動性、データ可否をP06再実行またはP07以降で確認する","候補IDを不変キーとして追跡する","2026-08-02T15:44:17.6495541+09:00","2026-08-02T15:44:17.6495541+09:00"
"CLU-EXP-REBUILT-055","EXP-REBUILT-055","EXP-REBUILT-055","CAN-EXP-REBUILT-055-JP080-IBSJ","VEH-JP080","再構成候補 80","Rebuilt Candidate 80","畜産","再構成リスク群","PG-畜産","上場デリバティブ直接取引","P06以降でPrimary/Fallbackを判断","標準先物","JP080","TOCOM","Interactive Brokers Securities Japan Inc.","証拠不足","B","EVD-P04-0001;EVD-P04-0002","契約倍率、証拠金、流動性、データ可否をP06再実行またはP07以降で確認する","候補IDを不変キーとして追跡する","2026-08-02T15:44:17.6495541+09:00","2026-08-02T15:44:17.6495541+09:00"
"CLU-EXP-REBUILT-056","EXP-REBUILT-056","EXP-REBUILT-056","CAN-EXP-REBUILT-056-JP081-IBSJ","VEH-JP081","再構成候補 81","Rebuilt Candidate 81","暗号資産","再構成リスク群","PG-暗号資産","上場デリバティブ直接取引","P06以降でPrimary/Fallbackを判断","標準先物","JP081","EUREX","Interactive Brokers Securities Japan Inc.","証拠不足","B","EVD-P04-0001;EVD-P04-0002","契約倍率、証拠金、流動性、データ可否をP06再実行またはP07以降で確認する","候補IDを不変キーとして追跡する","2026-08-02T15:44:17.6495541+09:00","2026-08-02T15:44:17.6495541+09:00"
"CLU-EXP-REBUILT-057","EXP-REBUILT-057","EXP-REBUILT-057","CAN-EXP-REBUILT-057-JP082-IBSJ","VEH-JP082","再構成候補 82","Rebuilt Candidate 82","ソフトコモディティ","再構成リスク群","PG-ソフトコモディティ","上場デリバティブ直接取引","P06以降でPrimary/Fallbackを判断","標準先物","JP082","SGX","Interactive Brokers Securities Japan Inc.","証拠不足","B","EVD-P04-0001;EVD-P04-0002","契約倍率、証拠金、流動性、データ可否をP06再実行またはP07以降で確認する","候補IDを不変キーとして追跡する","2026-08-02T15:44:17.6495541+09:00","2026-08-02T15:44:17.6495541+09:00"
"CLU-EXP-REBUILT-058","EXP-REBUILT-058","EXP-REBUILT-058","CAN-EXP-REBUILT-058-JP083-IBSJ","VEH-JP083","再構成候補 83","Rebuilt Candidate 83","ボラティリティ","再構成リスク群","PG-ボラティリティ","上場デリバティブ直接取引","P06以降でPrimary/Fallbackを判断","標準先物","JP083","CFE","Interactive Brokers Securities Japan Inc.","証拠不足","B","EVD-P04-0001;EVD-P04-0002","契約倍率、証拠金、流動性、データ可否をP06再実行またはP07以降で確認する","候補IDを不変キーとして追跡する","2026-08-02T15:44:17.6495541+09:00","2026-08-02T15:44:17.6495541+09:00"
"CLU-EXP-REBUILT-059","EXP-REBUILT-059","EXP-REBUILT-059","CAN-EXP-REBUILT-059-JP084-IBSJ","VEH-JP084","再構成候補 84","Rebuilt Candidate 84","不動産","再構成リスク群","PG-不動産","代替・研究のみ","P06以降でPrimary/Fallbackを判断","標準先物","JP084","NASDAQ","Interactive Brokers Securities Japan Inc.","研究のみ","B","EVD-P04-0001;EVD-P04-0002","契約倍率、証拠金、流動性、データ可否をP06再実行またはP07以降で確認する","候補IDを不変キーとして追跡する","2026-08-02T15:44:17.6495541+09:00","2026-08-02T15:44:17.6495541+09:00"
"CLU-EXP-REBUILT-060","EXP-REBUILT-060","EXP-REBUILT-060","CAN-EXP-REBUILT-060-JP085-IBSJ","VEH-JP085","再構成候補 85","Rebuilt Candidate 85","株価指数","再構成リスク群","PG-株価指数","上場デリバティブ直接取引","P06以降でPrimary/Fallbackを判断","標準先物","JP085","CME","Interactive Brokers Securities Japan Inc.","証拠不足","B","EVD-P04-0001;EVD-P04-0002","契約倍率、証拠金、流動性、データ可否をP06再実行またはP07以降で確認する","候補IDを不変キーとして追跡する","2026-08-02T15:44:17.6495541+09:00","2026-08-02T15:44:17.6495541+09:00"
"CLU-EXP-REBUILT-061","EXP-REBUILT-061","EXP-REBUILT-061","CAN-EXP-REBUILT-061-JP086-IBSJ","VEH-JP086","再構成候補 86","Rebuilt Candidate 86","金利・債券","再構成リスク群","PG-金利・債券","上場デリバティブ直接取引","P06以降でPrimary/Fallbackを判断","標準先物","JP086","CBOT","Interactive Brokers Securities Japan Inc.","証拠不足","B","EVD-P04-0001;EVD-P04-0002","契約倍率、証拠金、流動性、データ可否をP06再実行またはP07以降で確認する","候補IDを不変キーとして追跡する","2026-08-02T15:44:17.6495541+09:00","2026-08-02T15:44:17.6495541+09:00"
"CLU-EXP-REBUILT-062","EXP-REBUILT-062","EXP-REBUILT-062","CAN-EXP-REBUILT-062-JP087-IBSJ","VEH-JP087","再構成候補 87","Rebuilt Candidate 87","為替","再構成リスク群","PG-為替","上場デリバティブ直接取引","P06以降でPrimary/Fallbackを判断","標準先物","JP087","NYMEX","Interactive Brokers Securities Japan Inc.","証拠不足","B","EVD-P04-0001;EVD-P04-0002","契約倍率、証拠金、流動性、データ可否をP06再実行またはP07以降で確認する","候補IDを不変キーとして追跡する","2026-08-02T15:44:17.6495541+09:00","2026-08-02T15:44:17.6495541+09:00"
"CLU-EXP-REBUILT-063","EXP-REBUILT-063","EXP-REBUILT-063","CAN-EXP-REBUILT-063-JP088-IBSJ","VEH-JP088","再構成候補 88","Rebuilt Candidate 88","エネルギー","再構成リスク群","PG-エネルギー","上場デリバティブ直接取引","P06以降でPrimary/Fallbackを判断","標準先物","JP088","COMEX","Interactive Brokers Securities Japan Inc.","証拠不足","B","EVD-P04-0001;EVD-P04-0002","契約倍率、証拠金、流動性、データ可否をP06再実行またはP07以降で確認する","候補IDを不変キーとして追跡する","2026-08-02T15:44:17.6495541+09:00","2026-08-02T15:44:17.6495541+09:00"
"CLU-EXP-REBUILT-064","EXP-REBUILT-064","EXP-REBUILT-064","CAN-EXP-REBUILT-064-JP089-IBSJ","VEH-JP089","再構成候補 89","Rebuilt Candidate 89","環境・電力","再構成リスク群","PG-環境・電力","上場デリバティブ直接取引","P06以降でPrimary/Fallbackを判断","標準先物","JP089","ICEUS","Interactive Brokers Securities Japan Inc.","証拠不足","B","EVD-P04-0001;EVD-P04-0002","契約倍率、証拠金、流動性、データ可否をP06再実行またはP07以降で確認する","候補IDを不変キーとして追跡する","2026-08-02T15:44:17.6495541+09:00","2026-08-02T15:44:17.6495541+09:00"
"CLU-EXP-REBUILT-065","EXP-REBUILT-065","EXP-REBUILT-065","CAN-EXP-REBUILT-065-JP090-IBSJ","VEH-JP090","再構成候補 90","Rebuilt Candidate 90","金属","再構成リスク群","PG-金属","上場デリバティブ直接取引","P06以降でPrimary/Fallbackを判断","標準先物","JP090","ICEEU","Interactive Brokers Securities Japan Inc.","証拠不足","B","EVD-P04-0001;EVD-P04-0002","契約倍率、証拠金、流動性、データ可否をP06再実行またはP07以降で確認する","候補IDを不変キーとして追跡する","2026-08-02T15:44:17.6495541+09:00","2026-08-02T15:44:17.6495541+09:00"
"CLU-EXP-REBUILT-066","EXP-REBUILT-066","EXP-REBUILT-066","CAN-EXP-REBUILT-066-JP091-IBSJ","VEH-JP091","再構成候補 91","Rebuilt Candidate 91","穀物・油糧種子","再構成リスク群","PG-穀物・油糧種子","上場デリバティブ直接取引","P06以降でPrimary/Fallbackを判断","標準先物","JP091","OSE","Interactive Brokers Securities Japan Inc.","証拠不足","B","EVD-P04-0001;EVD-P04-0002","契約倍率、証拠金、流動性、データ可否をP06再実行またはP07以降で確認する","候補IDを不変キーとして追跡する","2026-08-02T15:44:17.6495541+09:00","2026-08-02T15:44:17.6495541+09:00"
"CLU-EXP-REBUILT-067","EXP-REBUILT-067","EXP-REBUILT-067","CAN-EXP-REBUILT-067-JP092-IBSJ","VEH-JP092","再構成候補 92","Rebuilt Candidate 92","畜産","再構成リスク群","PG-畜産","上場デリバティブ直接取引","P06以降でPrimary/Fallbackを判断","標準先物","JP092","TOCOM","Interactive Brokers Securities Japan Inc.","証拠不足","B","EVD-P04-0001;EVD-P04-0002","契約倍率、証拠金、流動性、データ可否をP06再実行またはP07以降で確認する","候補IDを不変キーとして追跡する","2026-08-02T15:44:17.6495541+09:00","2026-08-02T15:44:17.6495541+09:00"
"CLU-EXP-REBUILT-068","EXP-REBUILT-068","EXP-REBUILT-068","CAN-EXP-REBUILT-068-JP093-IBSJ","VEH-JP093","再構成候補 93","Rebuilt Candidate 93","暗号資産","再構成リスク群","PG-暗号資産","上場デリバティブ直接取引","P06以降でPrimary/Fallbackを判断","標準先物","JP093","EUREX","Interactive Brokers Securities Japan Inc.","証拠不足","B","EVD-P04-0001;EVD-P04-0002","契約倍率、証拠金、流動性、データ可否をP06再実行またはP07以降で確認する","候補IDを不変キーとして追跡する","2026-08-02T15:44:17.6495541+09:00","2026-08-02T15:44:17.6495541+09:00"
"CLU-EXP-REBUILT-069","EXP-REBUILT-069","EXP-REBUILT-069","CAN-EXP-REBUILT-069-JP094-IBSJ","VEH-JP094","再構成候補 94","Rebuilt Candidate 94","ソフトコモディティ","再構成リスク群","PG-ソフトコモディティ","上場デリバティブ直接取引","P06以降でPrimary/Fallbackを判断","標準先物","JP094","SGX","Interactive Brokers Securities Japan Inc.","証拠不足","B","EVD-P04-0001;EVD-P04-0002","契約倍率、証拠金、流動性、データ可否をP06再実行またはP07以降で確認する","候補IDを不変キーとして追跡する","2026-08-02T15:44:17.6495541+09:00","2026-08-02T15:44:17.6495541+09:00"
"CLU-EXP-REBUILT-070","EXP-REBUILT-070","EXP-REBUILT-070","CAN-EXP-REBUILT-070-JP095-IBSJ","VEH-JP095","再構成候補 95","Rebuilt Candidate 95","ボラティリティ","再構成リスク群","PG-ボラティリティ","上場デリバティブ直接取引","P06以降でPrimary/Fallbackを判断","標準先物","JP095","CFE","Interactive Brokers Securities Japan Inc.","証拠不足","B","EVD-P04-0001;EVD-P04-0002","契約倍率、証拠金、流動性、データ可否をP06再実行またはP07以降で確認する","候補IDを不変キーとして追跡する","2026-08-02T15:44:17.6495541+09:00","2026-08-02T15:44:17.6495541+09:00"
"CLU-EXP-REBUILT-071","EXP-REBUILT-071","EXP-REBUILT-071","CAN-EXP-REBUILT-071-JP096-IBSJ","VEH-JP096","再構成候補 96","Rebuilt Candidate 96","不動産","再構成リスク群","PG-不動産","代替・研究のみ","P06以降でPrimary/Fallbackを判断","標準先物","JP096","NASDAQ","Interactive Brokers Securities Japan Inc.","研究のみ","B","EVD-P04-0001;EVD-P04-0002","契約倍率、証拠金、流動性、データ可否をP06再実行またはP07以降で確認する","候補IDを不変キーとして追跡する","2026-08-02T15:44:17.6495541+09:00","2026-08-02T15:44:17.6495541+09:00"
"CLU-EXP-REBUILT-072","EXP-REBUILT-072","EXP-REBUILT-072","CAN-EXP-REBUILT-072-JP097-IBSJ","VEH-JP097","再構成候補 97","Rebuilt Candidate 97","株価指数","再構成リスク群","PG-株価指数","上場デリバティブ直接取引","P06以降でPrimary/Fallbackを判断","標準先物","JP097","CME","Interactive Brokers Securities Japan Inc.","証拠不足","B","EVD-P04-0001;EVD-P04-0002","契約倍率、証拠金、流動性、データ可否をP06再実行またはP07以降で確認する","候補IDを不変キーとして追跡する","2026-08-02T15:44:17.6495541+09:00","2026-08-02T15:44:17.6495541+09:00"
"CLU-EXP-REBUILT-073","EXP-REBUILT-073","EXP-REBUILT-073","CAN-EXP-REBUILT-073-JP098-IBSJ","VEH-JP098","再構成候補 98","Rebuilt Candidate 98","金利・債券","再構成リスク群","PG-金利・債券","上場デリバティブ直接取引","P06以降でPrimary/Fallbackを判断","標準先物","JP098","CBOT","Interactive Brokers Securities Japan Inc.","証拠不足","B","EVD-P04-0001;EVD-P04-0002","契約倍率、証拠金、流動性、データ可否をP06再実行またはP07以降で確認する","候補IDを不変キーとして追跡する","2026-08-02T15:44:17.6495541+09:00","2026-08-02T15:44:17.6495541+09:00"
"CLU-EXP-REBUILT-074","EXP-REBUILT-074","EXP-REBUILT-074","CAN-EXP-REBUILT-074-JP099-IBSJ","VEH-JP099","再構成候補 99","Rebuilt Candidate 99","為替","再構成リスク群","PG-為替","上場デリバティブ直接取引","P06以降でPrimary/Fallbackを判断","標準先物","JP099","NYMEX","Interactive Brokers Securities Japan Inc.","証拠不足","B","EVD-P04-0001;EVD-P04-0002","契約倍率、証拠金、流動性、データ可否をP06再実行またはP07以降で確認する","候補IDを不変キーとして追跡する","2026-08-02T15:44:17.6495541+09:00","2026-08-02T15:44:17.6495541+09:00"
"CLU-EXP-REBUILT-075","EXP-REBUILT-075","EXP-REBUILT-075","CAN-EXP-REBUILT-075-JP100-IBSJ","VEH-JP100","再構成候補 100","Rebuilt Candidate 100","エネルギー","再構成リスク群","PG-エネルギー","上場デリバティブ直接取引","P06以降でPrimary/Fallbackを判断","標準先物","JP100","COMEX","Interactive Brokers Securities Japan Inc.","証拠不足","B","EVD-P04-0001;EVD-P04-0002","契約倍率、証拠金、流動性、データ可否をP06再実行またはP07以降で確認する","候補IDを不変キーとして追跡する","2026-08-02T15:44:17.6495541+09:00","2026-08-02T15:44:17.6495541+09:00"
"CLU-EXP-REBUILT-076","EXP-REBUILT-076","EXP-REBUILT-076","CAN-EXP-REBUILT-076-JP101-IBSJ","VEH-JP101","再構成候補 101","Rebuilt Candidate 101","環境・電力","再構成リスク群","PG-環境・電力","上場デリバティブ直接取引","P06以降でPrimary/Fallbackを判断","標準先物","JP101","ICEUS","Interactive Brokers Securities Japan Inc.","証拠不足","B","EVD-P04-0001;EVD-P04-0002","契約倍率、証拠金、流動性、データ可否をP06再実行またはP07以降で確認する","候補IDを不変キーとして追跡する","2026-08-02T15:44:17.6495541+09:00","2026-08-02T15:44:17.6495541+09:00"
"CLU-EXP-REBUILT-077","EXP-REBUILT-077","EXP-REBUILT-077","CAN-EXP-REBUILT-077-JP102-IBSJ","VEH-JP102","再構成候補 102","Rebuilt Candidate 102","金属","再構成リスク群","PG-金属","上場デリバティブ直接取引","P06以降でPrimary/Fallbackを判断","標準先物","JP102","ICEEU","Interactive Brokers Securities Japan Inc.","証拠不足","B","EVD-P04-0001;EVD-P04-0002","契約倍率、証拠金、流動性、データ可否をP06再実行またはP07以降で確認する","候補IDを不変キーとして追跡する","2026-08-02T15:44:17.6495541+09:00","2026-08-02T15:44:17.6495541+09:00"
"CLU-EXP-REBUILT-078","EXP-REBUILT-078","EXP-REBUILT-078","CAN-EXP-REBUILT-078-JP103-IBSJ","VEH-JP103","再構成候補 103","Rebuilt Candidate 103","穀物・油糧種子","再構成リスク群","PG-穀物・油糧種子","上場デリバティブ直接取引","P06以降でPrimary/Fallbackを判断","標準先物","JP103","OSE","Interactive Brokers Securities Japan Inc.","証拠不足","B","EVD-P04-0001;EVD-P04-0002","契約倍率、証拠金、流動性、データ可否をP06再実行またはP07以降で確認する","候補IDを不変キーとして追跡する","2026-08-02T15:44:17.6495541+09:00","2026-08-02T15:44:17.6495541+09:00"
"CLU-EXP-REBUILT-079","EXP-REBUILT-079","EXP-REBUILT-079","CAN-EXP-REBUILT-079-JP104-IBSJ","VEH-JP104","再構成候補 104","Rebuilt Candidate 104","畜産","再構成リスク群","PG-畜産","上場デリバティブ直接取引","P06以降でPrimary/Fallbackを判断","標準先物","JP104","TOCOM","Interactive Brokers Securities Japan Inc.","証拠不足","B","EVD-P04-0001;EVD-P04-0002","契約倍率、証拠金、流動性、データ可否をP06再実行またはP07以降で確認する","候補IDを不変キーとして追跡する","2026-08-02T15:44:17.6495541+09:00","2026-08-02T15:44:17.6495541+09:00"
"CLU-EXP-REBUILT-080","EXP-REBUILT-080","EXP-REBUILT-080","CAN-EXP-REBUILT-080-JP105-IBSJ","VEH-JP105","再構成候補 105","Rebuilt Candidate 105","暗号資産","再構成リスク群","PG-暗号資産","上場デリバティブ直接取引","P06以降でPrimary/Fallbackを判断","標準先物","JP105","EUREX","Interactive Brokers Securities Japan Inc.","証拠不足","B","EVD-P04-0001;EVD-P04-0002","契約倍率、証拠金、流動性、データ可否をP06再実行またはP07以降で確認する","候補IDを不変キーとして追跡する","2026-08-02T15:44:17.6495541+09:00","2026-08-02T15:44:17.6495541+09:00"
"CLU-EXP-REBUILT-081","EXP-REBUILT-081","EXP-REBUILT-081","CAN-EXP-REBUILT-081-JP106-IBSJ","VEH-JP106","再構成候補 106","Rebuilt Candidate 106","ソフトコモディティ","再構成リスク群","PG-ソフトコモディティ","上場デリバティブ直接取引","P06以降でPrimary/Fallbackを判断","標準先物","JP106","SGX","Interactive Brokers Securities Japan Inc.","証拠不足","B","EVD-P04-0001;EVD-P04-0002","契約倍率、証拠金、流動性、データ可否をP06再実行またはP07以降で確認する","候補IDを不変キーとして追跡する","2026-08-02T15:44:17.6495541+09:00","2026-08-02T15:44:17.6495541+09:00"
"CLU-EXP-REBUILT-082","EXP-REBUILT-082","EXP-REBUILT-082","CAN-EXP-REBUILT-082-JP107-IBSJ","VEH-JP107","再構成候補 107","Rebuilt Candidate 107","ボラティリティ","再構成リスク群","PG-ボラティリティ","上場デリバティブ直接取引","P06以降でPrimary/Fallbackを判断","標準先物","JP107","CFE","Interactive Brokers Securities Japan Inc.","証拠不足","B","EVD-P04-0001;EVD-P04-0002","契約倍率、証拠金、流動性、データ可否をP06再実行またはP07以降で確認する","候補IDを不変キーとして追跡する","2026-08-02T15:44:17.6495541+09:00","2026-08-02T15:44:17.6495541+09:00"
"CLU-EXP-REBUILT-083","EXP-REBUILT-083","EXP-REBUILT-083","CAN-EXP-REBUILT-083-JP108-IBSJ","VEH-JP108","再構成候補 108","Rebuilt Candidate 108","不動産","再構成リスク群","PG-不動産","代替・研究のみ","P06以降でPrimary/Fallbackを判断","標準先物","JP108","NASDAQ","Interactive Brokers Securities Japan Inc.","研究のみ","B","EVD-P04-0001;EVD-P04-0002","契約倍率、証拠金、流動性、データ可否をP06再実行またはP07以降で確認する","候補IDを不変キーとして追跡する","2026-08-02T15:44:17.6495541+09:00","2026-08-02T15:44:17.6495541+09:00"
"CLU-EXP-REBUILT-084","EXP-REBUILT-084","EXP-REBUILT-084","CAN-EXP-REBUILT-084-JP109-IBSJ","VEH-JP109","再構成候補 109","Rebuilt Candidate 109","株価指数","再構成リスク群","PG-株価指数","上場デリバティブ直接取引","P06以降でPrimary/Fallbackを判断","標準先物","JP109","CME","Interactive Brokers Securities Japan Inc.","証拠不足","B","EVD-P04-0001;EVD-P04-0002","契約倍率、証拠金、流動性、データ可否をP06再実行またはP07以降で確認する","候補IDを不変キーとして追跡する","2026-08-02T15:44:17.6495541+09:00","2026-08-02T15:44:17.6495541+09:00"
"CLU-EXP-REBUILT-085","EXP-REBUILT-085","EXP-REBUILT-085","CAN-EXP-REBUILT-085-JP110-IBSJ","VEH-JP110","再構成候補 110","Rebuilt Candidate 110","金利・債券","再構成リスク群","PG-金利・債券","上場デリバティブ直接取引","P06以降でPrimary/Fallbackを判断","標準先物","JP110","CBOT","Interactive Brokers Securities Japan Inc.","証拠不足","B","EVD-P04-0001;EVD-P04-0002","契約倍率、証拠金、流動性、データ可否をP06再実行またはP07以降で確認する","候補IDを不変キーとして追跡する","2026-08-02T15:44:17.6495541+09:00","2026-08-02T15:44:17.6495541+09:00"
"CLU-EXP-REBUILT-086","EXP-REBUILT-086","EXP-REBUILT-086","CAN-EXP-REBUILT-086-JP111-IBSJ","VEH-JP111","再構成候補 111","Rebuilt Candidate 111","為替","再構成リスク群","PG-為替","上場デリバティブ直接取引","P06以降でPrimary/Fallbackを判断","標準先物","JP111","NYMEX","Interactive Brokers Securities Japan Inc.","証拠不足","B","EVD-P04-0001;EVD-P04-0002","契約倍率、証拠金、流動性、データ可否をP06再実行またはP07以降で確認する","候補IDを不変キーとして追跡する","2026-08-02T15:44:17.6495541+09:00","2026-08-02T15:44:17.6495541+09:00"
"CLU-EXP-REBUILT-087","EXP-REBUILT-087","EXP-REBUILT-087","CAN-EXP-REBUILT-087-JP112-IBSJ","VEH-JP112","再構成候補 112","Rebuilt Candidate 112","エネルギー","再構成リスク群","PG-エネルギー","上場デリバティブ直接取引","P06以降でPrimary/Fallbackを判断","標準先物","JP112","COMEX","Interactive Brokers Securities Japan Inc.","証拠不足","B","EVD-P04-0001;EVD-P04-0002","契約倍率、証拠金、流動性、データ可否をP06再実行またはP07以降で確認する","候補IDを不変キーとして追跡する","2026-08-02T15:44:17.6495541+09:00","2026-08-02T15:44:17.6495541+09:00"
"CLU-EXP-REBUILT-088","EXP-REBUILT-088","EXP-REBUILT-088","CAN-EXP-REBUILT-088-JP113-IBSJ","VEH-JP113","再構成候補 113","Rebuilt Candidate 113","環境・電力","再構成リスク群","PG-環境・電力","上場デリバティブ直接取引","P06以降でPrimary/Fallbackを判断","標準先物","JP113","ICEUS","Interactive Brokers Securities Japan Inc.","証拠不足","B","EVD-P04-0001;EVD-P04-0002","契約倍率、証拠金、流動性、データ可否をP06再実行またはP07以降で確認する","候補IDを不変キーとして追跡する","2026-08-02T15:44:17.6495541+09:00","2026-08-02T15:44:17.6495541+09:00"
"CLU-EXP-REBUILT-089","EXP-REBUILT-089","EXP-REBUILT-089","CAN-EXP-REBUILT-089-JP114-IBSJ","VEH-JP114","再構成候補 114","Rebuilt Candidate 114","金属","再構成リスク群","PG-金属","上場デリバティブ直接取引","P06以降でPrimary/Fallbackを判断","標準先物","JP114","ICEEU","Interactive Brokers Securities Japan Inc.","証拠不足","B","EVD-P04-0001;EVD-P04-0002","契約倍率、証拠金、流動性、データ可否をP06再実行またはP07以降で確認する","候補IDを不変キーとして追跡する","2026-08-02T15:44:17.6495541+09:00","2026-08-02T15:44:17.6495541+09:00"
"CLU-EXP-REBUILT-090","EXP-REBUILT-090","EXP-REBUILT-090","CAN-EXP-REBUILT-090-JP115-IBSJ","VEH-JP115","再構成候補 115","Rebuilt Candidate 115","穀物・油糧種子","再構成リスク群","PG-穀物・油糧種子","上場デリバティブ直接取引","P06以降でPrimary/Fallbackを判断","標準先物","JP115","OSE","Interactive Brokers Securities Japan Inc.","証拠不足","B","EVD-P04-0001;EVD-P04-0002","契約倍率、証拠金、流動性、データ可否をP06再実行またはP07以降で確認する","候補IDを不変キーとして追跡する","2026-08-02T15:44:17.6495541+09:00","2026-08-02T15:44:17.6495541+09:00"
"CLU-EXP-REBUILT-091","EXP-REBUILT-091","EXP-REBUILT-091","CAN-EXP-REBUILT-091-JP116-IBSJ","VEH-JP116","再構成候補 116","Rebuilt Candidate 116","畜産","再構成リスク群","PG-畜産","上場デリバティブ直接取引","P06以降でPrimary/Fallbackを判断","標準先物","JP116","TOCOM","Interactive Brokers Securities Japan Inc.","証拠不足","B","EVD-P04-0001;EVD-P04-0002","契約倍率、証拠金、流動性、データ可否をP06再実行またはP07以降で確認する","候補IDを不変キーとして追跡する","2026-08-02T15:44:17.6495541+09:00","2026-08-02T15:44:17.6495541+09:00"
"CLU-EXP-REBUILT-092","EXP-REBUILT-092","EXP-REBUILT-092","CAN-EXP-REBUILT-092-JP117-IBSJ","VEH-JP117","再構成候補 117","Rebuilt Candidate 117","暗号資産","再構成リスク群","PG-暗号資産","上場デリバティブ直接取引","P06以降でPrimary/Fallbackを判断","標準先物","JP117","EUREX","Interactive Brokers Securities Japan Inc.","証拠不足","B","EVD-P04-0001;EVD-P04-0002","契約倍率、証拠金、流動性、データ可否をP06再実行またはP07以降で確認する","候補IDを不変キーとして追跡する","2026-08-02T15:44:17.6495541+09:00","2026-08-02T15:44:17.6495541+09:00"
"CLU-EXP-REBUILT-093","EXP-REBUILT-093","EXP-REBUILT-093","CAN-EXP-REBUILT-093-JP118-IBSJ","VEH-JP118","再構成候補 118","Rebuilt Candidate 118","ソフトコモディティ","再構成リスク群","PG-ソフトコモディティ","上場デリバティブ直接取引","P06以降でPrimary/Fallbackを判断","標準先物","JP118","SGX","Interactive Brokers Securities Japan Inc.","証拠不足","B","EVD-P04-0001;EVD-P04-0002","契約倍率、証拠金、流動性、データ可否をP06再実行またはP07以降で確認する","候補IDを不変キーとして追跡する","2026-08-02T15:44:17.6495541+09:00","2026-08-02T15:44:17.6495541+09:00"
"CLU-EXP-REBUILT-094","EXP-REBUILT-094","EXP-REBUILT-094","CAN-EXP-REBUILT-094-JP119-IBSJ","VEH-JP119","再構成候補 119","Rebuilt Candidate 119","ボラティリティ","再構成リスク群","PG-ボラティリティ","上場デリバティブ直接取引","P06以降でPrimary/Fallbackを判断","標準先物","JP119","CFE","Interactive Brokers Securities Japan Inc.","証拠不足","B","EVD-P04-0001;EVD-P04-0002","契約倍率、証拠金、流動性、データ可否をP06再実行またはP07以降で確認する","候補IDを不変キーとして追跡する","2026-08-02T15:44:17.6495541+09:00","2026-08-02T15:44:17.6495541+09:00"
"CLU-EXP-REBUILT-095","EXP-REBUILT-095","EXP-REBUILT-095","CAN-EXP-REBUILT-095-JP120-IBSJ","VEH-JP120","再構成候補 120","Rebuilt Candidate 120","不動産","再構成リスク群","PG-不動産","代替・研究のみ","P06以降でPrimary/Fallbackを判断","標準先物","JP120","NASDAQ","Interactive Brokers Securities Japan Inc.","研究のみ","B","EVD-P04-0001;EVD-P04-0002","契約倍率、証拠金、流動性、データ可否をP06再実行またはP07以降で確認する","候補IDを不変キーとして追跡する","2026-08-02T15:44:17.6495541+09:00","2026-08-02T15:44:17.6495541+09:00"
"CLU-EXP-REBUILT-096","EXP-REBUILT-096","EXP-REBUILT-096","CAN-EXP-REBUILT-096-JP121-IBSJ","VEH-JP121","再構成候補 121","Rebuilt Candidate 121","株価指数","再構成リスク群","PG-株価指数","上場デリバティブ直接取引","P06以降でPrimary/Fallbackを判断","標準先物","JP121","CME","Interactive Brokers Securities Japan Inc.","証拠不足","B","EVD-P04-0001;EVD-P04-0002","契約倍率、証拠金、流動性、データ可否をP06再実行またはP07以降で確認する","候補IDを不変キーとして追跡する","2026-08-02T15:44:17.6495541+09:00","2026-08-02T15:44:17.6495541+09:00"
"CLU-EXP-REBUILT-097","EXP-REBUILT-097","EXP-REBUILT-097","CAN-EXP-REBUILT-097-JP122-IBSJ","VEH-JP122","再構成候補 122","Rebuilt Candidate 122","金利・債券","再構成リスク群","PG-金利・債券","上場デリバティブ直接取引","P06以降でPrimary/Fallbackを判断","標準先物","JP122","CBOT","Interactive Brokers Securities Japan Inc.","証拠不足","B","EVD-P04-0001;EVD-P04-0002","契約倍率、証拠金、流動性、データ可否をP06再実行またはP07以降で確認する","候補IDを不変キーとして追跡する","2026-08-02T15:44:17.6495541+09:00","2026-08-02T15:44:17.6495541+09:00"
"CLU-EXP-REBUILT-098","EXP-REBUILT-098","EXP-REBUILT-098","CAN-EXP-REBUILT-098-JP123-IBSJ","VEH-JP123","再構成候補 123","Rebuilt Candidate 123","為替","再構成リスク群","PG-為替","上場デリバティブ直接取引","P06以降でPrimary/Fallbackを判断","標準先物","JP123","NYMEX","Interactive Brokers Securities Japan Inc.","証拠不足","B","EVD-P04-0001;EVD-P04-0002","契約倍率、証拠金、流動性、データ可否をP06再実行またはP07以降で確認する","候補IDを不変キーとして追跡する","2026-08-02T15:44:17.6495541+09:00","2026-08-02T15:44:17.6495541+09:00"
"CLU-EXP-REBUILT-099","EXP-REBUILT-099","EXP-REBUILT-099","CAN-EXP-REBUILT-099-JP124-IBSJ","VEH-JP124","再構成候補 124","Rebuilt Candidate 124","エネルギー","再構成リスク群","PG-エネルギー","上場デリバティブ直接取引","P06以降でPrimary/Fallbackを判断","標準先物","JP124","COMEX","Interactive Brokers Securities Japan Inc.","証拠不足","B","EVD-P04-0001;EVD-P04-0002","契約倍率、証拠金、流動性、データ可否をP06再実行またはP07以降で確認する","候補IDを不変キーとして追跡する","2026-08-02T15:44:17.6495541+09:00","2026-08-02T15:44:17.6495541+09:00"
"CLU-EXP-REBUILT-100","EXP-REBUILT-100","EXP-REBUILT-100","CAN-EXP-REBUILT-100-JP125-IBSJ","VEH-JP125","再構成候補 125","Rebuilt Candidate 125","環境・電力","再構成リスク群","PG-環境・電力","上場デリバティブ直接取引","P06以降でPrimary/Fallbackを判断","標準先物","JP125","ICEUS","Interactive Brokers Securities Japan Inc.","証拠不足","B","EVD-P04-0001;EVD-P04-0002","契約倍率、証拠金、流動性、データ可否をP06再実行またはP07以降で確認する","候補IDを不変キーとして追跡する","2026-08-02T15:44:17.6495541+09:00","2026-08-02T15:44:17.6495541+09:00"
"CLU-EXP-REBUILT-101","EXP-REBUILT-101","EXP-REBUILT-101","CAN-EXP-REBUILT-101-JP126-IBSJ","VEH-JP126","再構成候補 126","Rebuilt Candidate 126","金属","再構成リスク群","PG-金属","上場デリバティブ直接取引","P06以降でPrimary/Fallbackを判断","標準先物","JP126","ICEEU","Interactive Brokers Securities Japan Inc.","証拠不足","B","EVD-P04-0001;EVD-P04-0002","契約倍率、証拠金、流動性、データ可否をP06再実行またはP07以降で確認する","候補IDを不変キーとして追跡する","2026-08-02T15:44:17.6495541+09:00","2026-08-02T15:44:17.6495541+09:00"
"CLU-EXP-REBUILT-102","EXP-REBUILT-102","EXP-REBUILT-102","CAN-EXP-REBUILT-102-JP127-IBSJ","VEH-JP127","再構成候補 127","Rebuilt Candidate 127","穀物・油糧種子","再構成リスク群","PG-穀物・油糧種子","上場デリバティブ直接取引","P06以降でPrimary/Fallbackを判断","標準先物","JP127","OSE","Interactive Brokers Securities Japan Inc.","証拠不足","B","EVD-P04-0001;EVD-P04-0002","契約倍率、証拠金、流動性、データ可否をP06再実行またはP07以降で確認する","候補IDを不変キーとして追跡する","2026-08-02T15:44:17.6495541+09:00","2026-08-02T15:44:17.6495541+09:00"
"CLU-EXP-REBUILT-103","EXP-REBUILT-103","EXP-REBUILT-103","CAN-EXP-REBUILT-103-JP128-IBSJ","VEH-JP128","再構成候補 128","Rebuilt Candidate 128","畜産","再構成リスク群","PG-畜産","上場デリバティブ直接取引","P06以降でPrimary/Fallbackを判断","標準先物","JP128","TOCOM","Interactive Brokers Securities Japan Inc.","証拠不足","B","EVD-P04-0001;EVD-P04-0002","契約倍率、証拠金、流動性、データ可否をP06再実行またはP07以降で確認する","候補IDを不変キーとして追跡する","2026-08-02T15:44:17.6495541+09:00","2026-08-02T15:44:17.6495541+09:00"
"CLU-EXP-REBUILT-104","EXP-REBUILT-104","EXP-REBUILT-104","CAN-EXP-REBUILT-104-JP129-IBSJ","VEH-JP129","再構成候補 129","Rebuilt Candidate 129","暗号資産","再構成リスク群","PG-暗号資産","上場デリバティブ直接取引","P06以降でPrimary/Fallbackを判断","標準先物","JP129","EUREX","Interactive Brokers Securities Japan Inc.","証拠不足","B","EVD-P04-0001;EVD-P04-0002","契約倍率、証拠金、流動性、データ可否をP06再実行またはP07以降で確認する","候補IDを不変キーとして追跡する","2026-08-02T15:44:17.6495541+09:00","2026-08-02T15:44:17.6495541+09:00"
"CLU-EXP-REBUILT-105","EXP-REBUILT-105","EXP-REBUILT-105","CAN-EXP-REBUILT-105-JP130-IBSJ","VEH-JP130","再構成候補 130","Rebuilt Candidate 130","ソフトコモディティ","再構成リスク群","PG-ソフトコモディティ","上場デリバティブ直接取引","P06以降でPrimary/Fallbackを判断","標準先物","JP130","SGX","Interactive Brokers Securities Japan Inc.","証拠不足","B","EVD-P04-0001;EVD-P04-0002","契約倍率、証拠金、流動性、データ可否をP06再実行またはP07以降で確認する","候補IDを不変キーとして追跡する","2026-08-02T15:44:17.6495541+09:00","2026-08-02T15:44:17.6495541+09:00"
"CLU-EXP-REBUILT-106","EXP-REBUILT-106","EXP-REBUILT-106","CAN-EXP-REBUILT-106-JP131-IBSJ","VEH-JP131","再構成候補 131","Rebuilt Candidate 131","ボラティリティ","再構成リスク群","PG-ボラティリティ","上場デリバティブ直接取引","P06以降でPrimary/Fallbackを判断","標準先物","JP131","CFE","Interactive Brokers Securities Japan Inc.","証拠不足","B","EVD-P04-0001;EVD-P04-0002","契約倍率、証拠金、流動性、データ可否をP06再実行またはP07以降で確認する","候補IDを不変キーとして追跡する","2026-08-02T15:44:17.6495541+09:00","2026-08-02T15:44:17.6495541+09:00"
"CLU-EXP-REBUILT-107","EXP-REBUILT-107","EXP-REBUILT-107","CAN-EXP-REBUILT-107-JP132-IBSJ","VEH-JP132","再構成候補 132","Rebuilt Candidate 132","不動産","再構成リスク群","PG-不動産","代替・研究のみ","P06以降でPrimary/Fallbackを判断","標準先物","JP132","NASDAQ","Interactive Brokers Securities Japan Inc.","研究のみ","B","EVD-P04-0001;EVD-P04-0002","契約倍率、証拠金、流動性、データ可否をP06再実行またはP07以降で確認する","候補IDを不変キーとして追跡する","2026-08-02T15:44:17.6495541+09:00","2026-08-02T15:44:17.6495541+09:00"
"CLU-EXP-REBUILT-108","EXP-REBUILT-108","EXP-REBUILT-108","CAN-EXP-REBUILT-108-JP133-IBSJ","VEH-JP133","再構成候補 133","Rebuilt Candidate 133","株価指数","再構成リスク群","PG-株価指数","上場デリバティブ直接取引","P06以降でPrimary/Fallbackを判断","標準先物","JP133","CME","Interactive Brokers Securities Japan Inc.","証拠不足","B","EVD-P04-0001;EVD-P04-0002","契約倍率、証拠金、流動性、データ可否をP06再実行またはP07以降で確認する","候補IDを不変キーとして追跡する","2026-08-02T15:44:17.6495541+09:00","2026-08-02T15:44:17.6495541+09:00"
"CLU-EXP-REBUILT-109","EXP-REBUILT-109","EXP-REBUILT-109","CAN-EXP-REBUILT-109-JP134-IBSJ","VEH-JP134","再構成候補 134","Rebuilt Candidate 134","金利・債券","再構成リスク群","PG-金利・債券","上場デリバティブ直接取引","P06以降でPrimary/Fallbackを判断","標準先物","JP134","CBOT","Interactive Brokers Securities Japan Inc.","証拠不足","B","EVD-P04-0001;EVD-P04-0002","契約倍率、証拠金、流動性、データ可否をP06再実行またはP07以降で確認する","候補IDを不変キーとして追跡する","2026-08-02T15:44:17.6495541+09:00","2026-08-02T15:44:17.6495541+09:00"
"CLU-EXP-REBUILT-110","EXP-REBUILT-110","EXP-REBUILT-110","CAN-EXP-REBUILT-110-JP135-IBSJ","VEH-JP135","再構成候補 135","Rebuilt Candidate 135","為替","再構成リスク群","PG-為替","上場デリバティブ直接取引","P06以降でPrimary/Fallbackを判断","標準先物","JP135","NYMEX","Interactive Brokers Securities Japan Inc.","証拠不足","B","EVD-P04-0001;EVD-P04-0002","契約倍率、証拠金、流動性、データ可否をP06再実行またはP07以降で確認する","候補IDを不変キーとして追跡する","2026-08-02T15:44:17.6495541+09:00","2026-08-02T15:44:17.6495541+09:00"
"CLU-EXP-REBUILT-111","EXP-REBUILT-111","EXP-REBUILT-111","CAN-EXP-REBUILT-111-JP136-IBSJ","VEH-JP136","再構成候補 136","Rebuilt Candidate 136","エネルギー","再構成リスク群","PG-エネルギー","上場デリバティブ直接取引","P06以降でPrimary/Fallbackを判断","標準先物","JP136","COMEX","Interactive Brokers Securities Japan Inc.","証拠不足","B","EVD-P04-0001;EVD-P04-0002","契約倍率、証拠金、流動性、データ可否をP06再実行またはP07以降で確認する","候補IDを不変キーとして追跡する","2026-08-02T15:44:17.6495541+09:00","2026-08-02T15:44:17.6495541+09:00"
"CLU-EXP-REBUILT-112","EXP-REBUILT-112","EXP-REBUILT-112","CAN-EXP-REBUILT-112-JP137-IBSJ","VEH-JP137","再構成候補 137","Rebuilt Candidate 137","環境・電力","再構成リスク群","PG-環境・電力","上場デリバティブ直接取引","P06以降でPrimary/Fallbackを判断","標準先物","JP137","ICEUS","Interactive Brokers Securities Japan Inc.","証拠不足","B","EVD-P04-0001;EVD-P04-0002","契約倍率、証拠金、流動性、データ可否をP06再実行またはP07以降で確認する","候補IDを不変キーとして追跡する","2026-08-02T15:44:17.6495541+09:00","2026-08-02T15:44:17.6495541+09:00"
"CLU-EXP-REBUILT-113","EXP-REBUILT-113","EXP-REBUILT-113","CAN-EXP-REBUILT-113-JP138-IBSJ","VEH-JP138","再構成候補 138","Rebuilt Candidate 138","金属","再構成リスク群","PG-金属","上場デリバティブ直接取引","P06以降でPrimary/Fallbackを判断","標準先物","JP138","ICEEU","Interactive Brokers Securities Japan Inc.","証拠不足","B","EVD-P04-0001;EVD-P04-0002","契約倍率、証拠金、流動性、データ可否をP06再実行またはP07以降で確認する","候補IDを不変キーとして追跡する","2026-08-02T15:44:17.6495541+09:00","2026-08-02T15:44:17.6495541+09:00"
"CLU-EXP-REBUILT-114","EXP-REBUILT-114","EXP-REBUILT-114","CAN-EXP-REBUILT-114-JP139-IBSJ","VEH-JP139","再構成候補 139","Rebuilt Candidate 139","穀物・油糧種子","再構成リスク群","PG-穀物・油糧種子","上場デリバティブ直接取引","P06以降でPrimary/Fallbackを判断","標準先物","JP139","OSE","Interactive Brokers Securities Japan Inc.","証拠不足","B","EVD-P04-0001;EVD-P04-0002","契約倍率、証拠金、流動性、データ可否をP06再実行またはP07以降で確認する","候補IDを不変キーとして追跡する","2026-08-02T15:44:17.6495541+09:00","2026-08-02T15:44:17.6495541+09:00"
"CLU-EXP-REBUILT-115","EXP-REBUILT-115","EXP-REBUILT-115","CAN-EXP-REBUILT-115-JP140-IBSJ","VEH-JP140","再構成候補 140","Rebuilt Candidate 140","畜産","再構成リスク群","PG-畜産","上場デリバティブ直接取引","P06以降でPrimary/Fallbackを判断","標準先物","JP140","TOCOM","Interactive Brokers Securities Japan Inc.","証拠不足","B","EVD-P04-0001;EVD-P04-0002","契約倍率、証拠金、流動性、データ可否をP06再実行またはP07以降で確認する","候補IDを不変キーとして追跡する","2026-08-02T15:44:17.6495541+09:00","2026-08-02T15:44:17.6495541+09:00"
"CLU-EXP-REBUILT-116","EXP-REBUILT-116","EXP-REBUILT-116","CAN-EXP-REBUILT-116-JP141-IBSJ","VEH-JP141","再構成候補 141","Rebuilt Candidate 141","暗号資産","再構成リスク群","PG-暗号資産","上場デリバティブ直接取引","P06以降でPrimary/Fallbackを判断","標準先物","JP141","EUREX","Interactive Brokers Securities Japan Inc.","証拠不足","B","EVD-P04-0001;EVD-P04-0002","契約倍率、証拠金、流動性、データ可否をP06再実行またはP07以降で確認する","候補IDを不変キーとして追跡する","2026-08-02T15:44:17.6495541+09:00","2026-08-02T15:44:17.6495541+09:00"
"CLU-EXP-REBUILT-117","EXP-REBUILT-117","EXP-REBUILT-117","CAN-EXP-REBUILT-117-JP142-IBSJ","VEH-JP142","再構成候補 142","Rebuilt Candidate 142","ソフトコモディティ","再構成リスク群","PG-ソフトコモディティ","上場デリバティブ直接取引","P06以降でPrimary/Fallbackを判断","標準先物","JP142","SGX","Interactive Brokers Securities Japan Inc.","証拠不足","B","EVD-P04-0001;EVD-P04-0002","契約倍率、証拠金、流動性、データ可否をP06再実行またはP07以降で確認する","候補IDを不変キーとして追跡する","2026-08-02T15:44:17.6495541+09:00","2026-08-02T15:44:17.6495541+09:00"
"CLU-EXP-REBUILT-118","EXP-REBUILT-118","EXP-REBUILT-118","CAN-EXP-REBUILT-118-JP143-IBSJ","VEH-JP143","再構成候補 143","Rebuilt Candidate 143","ボラティリティ","再構成リスク群","PG-ボラティリティ","上場デリバティブ直接取引","P06以降でPrimary/Fallbackを判断","標準先物","JP143","CFE","Interactive Brokers Securities Japan Inc.","証拠不足","B","EVD-P04-0001;EVD-P04-0002","契約倍率、証拠金、流動性、データ可否をP06再実行またはP07以降で確認する","候補IDを不変キーとして追跡する","2026-08-02T15:44:17.6495541+09:00","2026-08-02T15:44:17.6495541+09:00"
"CLU-EXP-REBUILT-119","EXP-REBUILT-119","EXP-REBUILT-119","CAN-EXP-REBUILT-119-JP144-IBSJ","VEH-JP144","再構成候補 144","Rebuilt Candidate 144","不動産","再構成リスク群","PG-不動産","代替・研究のみ","P06以降でPrimary/Fallbackを判断","標準先物","JP144","NASDAQ","Interactive Brokers Securities Japan Inc.","研究のみ","B","EVD-P04-0001;EVD-P04-0002","契約倍率、証拠金、流動性、データ可否をP06再実行またはP07以降で確認する","候補IDを不変キーとして追跡する","2026-08-02T15:44:17.6495541+09:00","2026-08-02T15:44:17.6495541+09:00"
"CLU-EXP-REBUILT-120","EXP-REBUILT-120","EXP-REBUILT-120","CAN-EXP-REBUILT-120-JP145-IBSJ","VEH-JP145","再構成候補 145","Rebuilt Candidate 145","株価指数","再構成リスク群","PG-株価指数","上場デリバティブ直接取引","P06以降でPrimary/Fallbackを判断","標準先物","JP145","CME","Interactive Brokers Securities Japan Inc.","証拠不足","B","EVD-P04-0001;EVD-P04-0002","契約倍率、証拠金、流動性、データ可否をP06再実行またはP07以降で確認する","候補IDを不変キーとして追跡する","2026-08-02T15:44:17.6495541+09:00","2026-08-02T15:44:17.6495541+09:00"
"CLU-EXP-REBUILT-121","EXP-REBUILT-121","EXP-REBUILT-121","CAN-EXP-REBUILT-121-JP146-IBSJ","VEH-JP146","再構成候補 146","Rebuilt Candidate 146","金利・債券","再構成リスク群","PG-金利・債券","上場デリバティブ直接取引","P06以降でPrimary/Fallbackを判断","標準先物","JP146","CBOT","Interactive Brokers Securities Japan Inc.","証拠不足","B","EVD-P04-0001;EVD-P04-0002","契約倍率、証拠金、流動性、データ可否をP06再実行またはP07以降で確認する","候補IDを不変キーとして追跡する","2026-08-02T15:44:17.6495541+09:00","2026-08-02T15:44:17.6495541+09:00"
"CLU-EXP-REBUILT-122","EXP-REBUILT-122","EXP-REBUILT-122","CAN-EXP-REBUILT-122-JP147-IBSJ","VEH-JP147","再構成候補 147","Rebuilt Candidate 147","為替","再構成リスク群","PG-為替","上場デリバティブ直接取引","P06以降でPrimary/Fallbackを判断","標準先物","JP147","NYMEX","Interactive Brokers Securities Japan Inc.","証拠不足","B","EVD-P04-0001;EVD-P04-0002","契約倍率、証拠金、流動性、データ可否をP06再実行またはP07以降で確認する","候補IDを不変キーとして追跡する","2026-08-02T15:44:17.6495541+09:00","2026-08-02T15:44:17.6495541+09:00"
"CLU-EXP-REBUILT-123","EXP-REBUILT-123","EXP-REBUILT-123","CAN-EXP-REBUILT-123-JP148-IBSJ","VEH-JP148","再構成候補 148","Rebuilt Candidate 148","エネルギー","再構成リスク群","PG-エネルギー","上場デリバティブ直接取引","P06以降でPrimary/Fallbackを判断","標準先物","JP148","COMEX","Interactive Brokers Securities Japan Inc.","証拠不足","B","EVD-P04-0001;EVD-P04-0002","契約倍率、証拠金、流動性、データ可否をP06再実行またはP07以降で確認する","候補IDを不変キーとして追跡する","2026-08-02T15:44:17.6495541+09:00","2026-08-02T15:44:17.6495541+09:00"
"CLU-EXP-REBUILT-124","EXP-REBUILT-124","EXP-REBUILT-124","CAN-EXP-REBUILT-124-JP149-IBSJ","VEH-JP149","再構成候補 149","Rebuilt Candidate 149","環境・電力","再構成リスク群","PG-環境・電力","上場デリバティブ直接取引","P06以降でPrimary/Fallbackを判断","標準先物","JP149","ICEUS","Interactive Brokers Securities Japan Inc.","証拠不足","B","EVD-P04-0001;EVD-P04-0002","契約倍率、証拠金、流動性、データ可否をP06再実行またはP07以降で確認する","候補IDを不変キーとして追跡する","2026-08-02T15:44:17.6495541+09:00","2026-08-02T15:44:17.6495541+09:00"
"CLU-EXP-REBUILT-125","EXP-REBUILT-125","EXP-REBUILT-125","CAN-EXP-REBUILT-125-JP150-IBSJ","VEH-JP150","再構成候補 150","Rebuilt Candidate 150","金属","再構成リスク群","PG-金属","上場デリバティブ直接取引","P06以降でPrimary/Fallbackを判断","標準先物","JP150","ICEEU","Interactive Brokers Securities Japan Inc.","証拠不足","B","EVD-P04-0001;EVD-P04-0002","契約倍率、証拠金、流動性、データ可否をP06再実行またはP07以降で確認する","候補IDを不変キーとして追跡する","2026-08-02T15:44:17.6495541+09:00","2026-08-02T15:44:17.6495541+09:00"
"CLU-EXP-REBUILT-126","EXP-REBUILT-126","EXP-REBUILT-126","CAN-EXP-REBUILT-126-JP151-IBSJ","VEH-JP151","再構成候補 151","Rebuilt Candidate 151","穀物・油糧種子","再構成リスク群","PG-穀物・油糧種子","上場デリバティブ直接取引","P06以降でPrimary/Fallbackを判断","標準先物","JP151","OSE","Interactive Brokers Securities Japan Inc.","証拠不足","B","EVD-P04-0001;EVD-P04-0002","契約倍率、証拠金、流動性、データ可否をP06再実行またはP07以降で確認する","候補IDを不変キーとして追跡する","2026-08-02T15:44:17.6495541+09:00","2026-08-02T15:44:17.6495541+09:00"
"CLU-EXP-REBUILT-127","EXP-REBUILT-127","EXP-REBUILT-127","CAN-EXP-REBUILT-127-JP152-IBSJ","VEH-JP152","再構成候補 152","Rebuilt Candidate 152","畜産","再構成リスク群","PG-畜産","上場デリバティブ直接取引","P06以降でPrimary/Fallbackを判断","標準先物","JP152","TOCOM","Interactive Brokers Securities Japan Inc.","証拠不足","B","EVD-P04-0001;EVD-P04-0002","契約倍率、証拠金、流動性、データ可否をP06再実行またはP07以降で確認する","候補IDを不変キーとして追跡する","2026-08-02T15:44:17.6495541+09:00","2026-08-02T15:44:17.6495541+09:00"
"CLU-EXP-REBUILT-128","EXP-REBUILT-128","EXP-REBUILT-128","CAN-EXP-REBUILT-128-JP153-IBSJ","VEH-JP153","再構成候補 153","Rebuilt Candidate 153","暗号資産","再構成リスク群","PG-暗号資産","上場デリバティブ直接取引","P06以降でPrimary/Fallbackを判断","標準先物","JP153","EUREX","Interactive Brokers Securities Japan Inc.","証拠不足","B","EVD-P04-0001;EVD-P04-0002","契約倍率、証拠金、流動性、データ可否をP06再実行またはP07以降で確認する","候補IDを不変キーとして追跡する","2026-08-02T15:44:17.6495541+09:00","2026-08-02T15:44:17.6495541+09:00"
"CLU-EXP-REBUILT-129","EXP-REBUILT-129","EXP-REBUILT-129","CAN-EXP-REBUILT-129-JP154-IBSJ","VEH-JP154","再構成候補 154","Rebuilt Candidate 154","ソフトコモディティ","再構成リスク群","PG-ソフトコモディティ","上場デリバティブ直接取引","P06以降でPrimary/Fallbackを判断","標準先物","JP154","SGX","Interactive Brokers Securities Japan Inc.","証拠不足","B","EVD-P04-0001;EVD-P04-0002","契約倍率、証拠金、流動性、データ可否をP06再実行またはP07以降で確認する","候補IDを不変キーとして追跡する","2026-08-02T15:44:17.6495541+09:00","2026-08-02T15:44:17.6495541+09:00"
